0.36038288630408566,0.6468295183030972,1.0,-9.74,0.62,-1.37,6.83,30.12,-7.26
0.3611381675941713,0.6473316026262439,1.0,-9.67,0.50,-1.42,8.54,25.24,-10.98
0.361880293098406,0.6474475240603086,1.0,-9.65,0.51,-1.28,12.32,9.57,-17.07
0.3624766109169393,0.6476013459820138,1.0,-9.80,0.44,-1.37,8.48,-0.30,-14.82
0.3628986770625726,0.6475107328550429,1.0,-9.79,0.50,-1.27,4.27,0.24,-20.85
0.3643699037808372,0.6476527571797684,1.0,-9.83,0.50,-1.25,1.59,3.66,-24.70
0.36762594518607067,0.6484702943372433,1.0,-9.84,0.43,-1.26,4.45,-0.91,-19.21
0.37004271643281617,0.6492881992594863,1.0,-9.95,0.44,-1.24,7.13,2.50,-12.99
0.3552592803242358,0.6466759330406067,0.99,-9.90,0.43,-1.24,8.78,11.34,-17.68
0.3200363848998854,0.6373474483484207,0.99,-9.88,0.40,-1.29,12.07,7.07,-12.26
0.27211857140843904,0.6245372993265655,0.99,-9.91,0.44,-1.28,13.05,9.15,-4.45
0.23214731334707178,0.6099518116077703,0.99,-9.72,0.49,-1.25,12.68,17.38,-7.62
nan,nan,nan,-9.74,0.40,-1.32,10.49,17.74,-3.41
nan,nan,nan,-9.86,0.42,-1.43,8.72,14.02,-5.79
nan,nan,nan,-9.87,0.46,-1.38,6.95,12.99,-0.91
0.10992005322879383,0.5187212479459906,0.9447531763726665,-9.77,0.50,-1.44,9.27,18.41,-7.68
0.0997002252649721,0.4976589478477182,0.8597414919840869,-9.68,0.43,-1.37,14.15,17.62,-11.71
0.09912183455308576,0.4932785086844719,0.8000712394714355,-9.71,0.31,-1.45,10.98,8.29,-3.35
nan,nan,nan,-9.81,0.34,-1.41,-1.89,7.56,4.39
0.09874095568047163,0.48793316004760123,0.7348968386650085,-9.84,0.50,-1.48,-8.54,18.41,5.06
nan,nan,nan,-9.78,0.62,-1.42,0.12,24.02,-5.91
nan,nan,nan,-9.80,0.56,-1.32,17.01,20.12,-17.38
nan,nan,nan,-9.92,0.34,-1.52,23.54,23.29,-17.20
nan,nan,nan,-9.76,0.28,-1.60,17.99,28.54,-14.33
nan,nan,nan,-9.67,0.28,-1.56,7.99,16.52,-11.83
nan,nan,nan,-9.82,0.26,-1.58,2.20,5.85,-12.68
nan,nan,nan,-9.85,0.31,-1.57,-8.11,11.89,-1.83
nan,nan,nan,-9.83,0.35,-1.64,3.35,17.56,-6.52
nan,nan,nan,-9.80,0.29,-1.66,2.44,7.87,7.26
0.09393554235510138,0.382670933718113,0.7159174981536581,-9.81,0.35,-1.53,-7.38,-8.78,17.07
nan,nan,nan,-9.97,0.44,-1.50,-17.74,-12.20,6.89
nan,nan,nan,-10.02,0.66,-1.35,-14.57,8.60,-13.11
nan,nan,nan,-9.85,0.56,-1.55,14.45,25.91,-29.51
nan,nan,nan,-9.78,0.34,-1.48,36.95,29.15,-30.18
nan,nan,nan,-9.65,0.26,-1.55,37.68,22.50,-23.23
nan,nan,nan,-9.64,0.05,-1.72,23.54,0.12,-13.23
nan,nan,nan,-9.83,0.12,-1.62,0.00,-7.87,0.37
0.9193107881645061,0.8920564965149186,0.876523698518943,-9.80,0.32,-1.52,-14.27,-0.43,-4.51
nan,nan,nan,-9.93,0.35,-1.48,-9.57,3.90,-9.15
nan,nan,nan,-9.85,0.44,-1.49,0.67,11.16,-10.49
nan,nan,nan,-9.88,0.29,-1.48,10.85,13.60,-15.12
nan,nan,nan,-9.93,0.25,-1.52,14.27,19.82,-9.88
nan,nan,nan,-9.80,0.28,-1.52,10.91,32.99,-9.27
nan,nan,nan,-9.72,0.27,-1.62,7.99,27.26,-17.32
nan,nan,nan,-9.87,0.19,-1.67,4.02,17.13,-13.23
nan,nan,nan,-9.79,0.29,-1.67,5.67,20.98,-7.93
0.19382519285754793,0.7303824254536662,0.7510544725081226,-9.86,0.24,-1.63,10.43,22.32,-12.74
nan,nan,nan,-9.80,0.25,-1.68,8.66,17.32,-9.27
nan,nan,nan,-9.82,0.19,-1.71,2.99,16.89,-16.71
nan,nan,nan,-9.80,0.24,-1.75,-0.49,18.84,-15.61
nan,nan,nan,-9.85,0.16,-1.69,-1.34,25.67,-11.04
nan,nan,nan,-9.70,0.31,-1.71,3.90,27.87,-13.84
nan,nan,nan,-9.83,0.20,-1.82,10.61,29.45,-16.65
nan,nan,nan,-9.69,0.14,-1.71,13.05,23.72,-8.90
nan,nan,nan,-9.75,0.06,-1.97,-3.29,17.68,11.28
nan,nan,nan,-9.68,0.06,-1.91,-4.27,13.72,-2.80
nan,nan,nan,-9.68,0.11,-1.83,1.22,4.39,-7.62
nan,nan,nan,-9.80,0.14,-1.94,6.52,4.02,-0.37
nan,nan,nan,-9.77,0.03,-1.83,5.85,5.67,-0.67
nan,nan,nan,-9.79,0.05,-1.88,5.12,-6.16,-5.43
nan,nan,nan,-9.76,-0.09,-1.80,-5.06,-5.79,-2.13
nan,nan,nan,-9.58,-0.15,-1.81,1.65,-15.43,-7.68
nan,nan,nan,-9.71,-0.37,-1.84,2.68,-33.23,35.98
nan,nan,nan,-9.72,-0.13,-1.83,-15.24,-43.41,105.06
nan,nan,nan,-9.99,0.17,-1.64,-30.61,-33.23,111.52
nan,nan,nan,-9.94,0.60,-1.54,-43.41,15.85,66.10
nan,nan,nan,-9.94,0.67,-1.60,-45.30,29.57,31.65
nan,nan,nan,-10.18,0.85,-1.59,-63.29,46.77,26.95
nan,nan,nan,-9.97,1.18,-1.61,-62.62,74.09,-8.54
nan,nan,nan,-9.77,1.10,-1.55,-30.79,78.96,-54.63
nan,nan,nan,-9.81,0.89,-1.79,-14.39,96.46,-72.38
nan,nan,nan,-9.94,0.70,-2.03,-17.50,120.91,-58.23
nan,nan,nan,-9.69,0.81,-2.09,-12.93,106.52,-54.82
nan,nan,nan,-9.83,0.63,-2.22,-18.05,95.30,-82.68
nan,nan,nan,-9.83,0.52,-2.17,-5.12,116.59,-94.39
nan,nan,nan,-9.59,0.49,-2.25,18.41,141.71,-86.22
nan,nan,nan,-9.42,0.22,-2.30,38.41,129.82,-65.00
nan,nan,nan,-9.68,-0.25,-2.56,51.16,114.21,-85.30
nan,nan,nan,-9.42,-0.45,-2.71,43.60,103.11,-81.89
nan,nan,nan,-9.08,-0.41,-2.75,34.33,63.05,-69.88
nan,nan,nan,-9.34,-0.52,-2.74,25.73,47.93,-59.70
nan,nan,nan,-9.19,-0.41,-2.69,22.44,19.70,-48.66
nan,nan,nan,-9.43,-0.36,-2.63,47.56,-12.13,-52.44
nan,nan,nan,-9.65,-0.65,-2.72,56.65,-13.41,-42.50
nan,nan,nan,-9.38,-0.76,-2.72,34.51,-12.62,-31.28
nan,nan,nan,-9.52,-0.60,-2.67,20.18,-46.89,-20.30
nan,nan,nan,-9.77,-0.54,-2.73,13.17,-52.50,-8.78
nan,nan,nan,-9.74,-0.51,-2.63,-27.20,-39.70,-5.30
0.9010540226600497,0.7871401971883831,0.83088410861689,-9.72,-0.32,-2.66,-50.24,-31.28,-5.73
nan,nan,nan,-9.99,-0.28,-2.74,-54.82,3.84,-5.98
nan,nan,nan,-9.79,-0.25,-2.75,-55.00,26.10,0.06
nan,nan,nan,-9.60,-0.16,-2.64,-45.30,13.84,-9.94
nan,nan,nan,-9.81,-0.18,-2.73,-34.39,29.57,-23.48
nan,nan,nan,-9.69,-0.23,-2.72,-21.46,46.83,-29.09
nan,nan,nan,-9.49,-0.28,-2.68,3.29,37.44,-41.59
nan,nan,nan,-9.48,-0.46,-2.83,7.50,5.61,-37.20
nan,nan,nan,-9.58,-0.69,-2.75,1.34,-16.16,-40.98
nan,nan,nan,-9.57,-0.69,-2.70,-11.22,-29.45,-33.72
nan,nan,nan,-9.66,-0.62,-2.65,-22.56,-35.30,-36.65
nan,nan,nan,-9.75,-0.58,-2.62,-21.34,-18.23,-40.98
nan,nan,nan,-9.72,-0.74,-2.58,-10.00,-15.79,-27.87
nan,nan,nan,-9.74,-0.61,-2.56,-22.07,-12.93,-17.93
nan,nan,nan,-9.49,-0.60,-2.48,-33.96,-2.32,-43.05
nan,nan,nan,-9.77,-0.71,-2.63,-29.33,-0.55,-51.22
nan,nan,nan,-9.70,-0.78,-2.43,-26.04,13.90,-29.88
nan,nan,nan,-9.69,-0.81,-2.46,-18.41,25.67,-21.34
nan,nan,nan,-9.61,-0.85,-2.72,-17.26,7.13,-5.98
nan,nan,nan,-9.57,-0.81,-2.53,-28.54,1.34,-5.18
nan,nan,nan,-9.77,-0.72,-2.67,-28.17,4.94,-1.16
nan,nan,nan,-9.67,-0.65,-2.66,-8.35,42.13,2.32
nan,nan,nan,-9.65,-0.75,-2.75,20.85,57.93,13.54
nan,nan,nan,-9.56,-0.90,-2.99,38.60,56.10,17.93
nan,nan,nan,-9.67,-0.91,-2.86,38.23,52.68,19.88
0.9135224861054274,0.9221104065487378,0.9398919400042646,-9.35,-0.97,-2.95,34.27,33.35,18.78
nan,nan,nan,-9.59,-1.03,-3.00,26.04,9.76,18.54
nan,nan,nan,-9.61,-0.90,-2.91,12.38,9.15,35.37
nan,nan,nan,-9.56,-0.58,-2.82,14.88,23.35,48.05
nan,nan,nan,-9.41,-0.45,-2.75,38.23,9.57,44.76
nan,nan,nan,-9.52,-0.52,-2.79,44.70,-12.93,40.37
nan,nan,nan,-9.60,-0.47,-2.87,34.94,-15.43,18.72
nan,nan,nan,-9.53,-0.50,-2.77,19.82,-26.46,11.28
nan,nan,nan,-9.61,-0.43,-2.59,7.01,-24.39,3.54
0.09893777264310266,0.3356670641539147,0.99,-9.82,-0.37,-2.66,-0.30,-13.17,10.85
nan,nan,nan,-9.71,-0.26,-2.71,-7.26,-5.00,24.57
0.0985276348765407,0.3392486266092041,0.7479937672615051,-9.60,-0.27,-2.67,-6.77,-15.00,15.18
nan,nan,nan,-9.68,-0.20,-2.71,-17.32,-24.63,17.32
nan,nan,nan,-9.43,-0.04,-2.43,-11.22,-24.70,-20.18
nan,nan,nan,-9.58,-0.29,-2.50,-0.73,-37.68,-28.05
nan,nan,nan,-9.86,-0.42,-2.44,0.49,-20.49,-21.34
nan,nan,nan,-9.66,-0.46,-2.48,1.28,-5.67,-25.79
nan,nan,nan,-9.70,-0.53,-2.53,1.10,-10.85,-28.17
nan,nan,nan,-9.88,-0.48,-2.51,1.40,8.23,-27.99
0.924512793593122,0.8239006265130566,0.7179667086684214,-9.88,-0.45,-2.54,25.61,18.78,-30.79
nan,nan,nan,-9.39,-0.67,-2.63,39.76,23.05,-24.33
nan,nan,nan,-9.47,-0.86,-2.71,38.78,18.29,-22.44
nan,nan,nan,-9.56,-0.90,-2.75,17.01,4.57,3.05
nan,nan,nan,-9.47,-0.85,-2.76,-6.22,-9.88,-0.85
nan,nan,nan,-9.57,-0.74,-2.60,-28.96,-24.02,3.78
nan,nan,nan,-9.54,-0.63,-2.47,-44.57,-37.32,-0.24
nan,nan,nan,-9.52,-0.64,-2.36,-53.54,-36.28,-11.59
nan,nan,nan,-9.79,-0.62,-2.40,-56.95,-34.88,-2.32
nan,nan,nan,-9.95,-0.45,-2.45,-51.65,-8.29,5.61
nan,nan,nan,-9.75,-0.40,-2.46,-16.83,31.04,-3.41
nan,nan,nan,-9.69,-0.57,-2.46,24.45,26.65,-5.37
nan,nan,nan,-9.90,-0.64,-2.60,27.87,25.00,14.63
nan,nan,nan,-9.87,-0.61,-2.75,23.29,37.93,7.99
0.9293185816376498,0.9140463610636932,0.7560599548419012,-9.37,-0.72,-2.62,27.93,25.67,-17.56
nan,nan,nan,-9.86,-0.85,-2.69,7.56,5.43,-24.39
nan,nan,nan,-9.75,-0.67,-2.68,-8.96,49.70,-22.13
nan,nan,nan,-9.51,-0.61,-2.71,9.33,51.77,-14.27
nan,nan,nan,-9.73,-0.70,-2.93,17.62,51.71,-5.06
nan,nan,nan,-9.37,-0.60,-2.82,17.07,56.52,1.40
nan,nan,nan,-9.34,-0.51,-2.79,30.79,22.74,11.34
nan,nan,nan,-9.67,-0.57,-2.82,49.88,12.87,3.23
nan,nan,nan,-9.64,-0.75,-2.83,42.56,2.44,9.27
nan,nan,nan,-9.59,-0.76,-2.81,22.13,-8.29,5.12
nan,nan,nan,-9.55,-0.63,-2.76,8.72,-2.44,-9.82
nan,nan,nan,-9.60,-0.56,-2.71,15.98,-5.49,-17.80
nan,nan,nan,-9.62,-0.79,-2.69,11.89,-3.23,-7.80
nan,nan,nan,-9.63,-0.72,-2.65,10.00,-7.74,-8.05
nan,nan,nan,-9.69,-0.82,-2.70,5.24,3.60,9.63
nan,nan,nan,-9.53,-0.78,-2.63,-12.50,-2.80,5.37
nan,nan,nan,-9.71,-0.57,-2.54,-19.51,2.99,7.07
nan,nan,nan,-9.55,-0.55,-2.63,0.67,20.73,-0.49
nan,nan,nan,-9.54,-0.72,-2.81,7.87,2.44,1.95
nan,nan,nan,-9.45,-0.56,-2.74,1.28,-3.54,-3.48
nan,nan,nan,-9.62,-0.63,-2.72,12.56,-3.29,-20.55
nan,nan,nan,-9.91,-0.75,-2.77,5.79,8.41,-5.91
nan,nan,nan,-9.59,-0.59,-2.68,19.33,30.30,-3.78
nan,nan,nan,-9.62,-0.75,-2.81,27.07,14.51,2.62
nan,nan,nan,-9.52,-0.82,-2.80,17.56,-27.26,13.84
nan,nan,nan,-9.54,-0.69,-2.55,1.77,-47.13,-7.32
nan,nan,nan,-9.85,-0.67,-2.60,-15.55,-22.13,-27.01
nan,nan,nan,-9.84,-0.56,-2.65,-25.43,44.45,-32.74
nan,nan,nan,-9.62,-0.45,-2.65,16.40,80.91,-37.74
nan,nan,nan,-9.50,-0.90,-3.02,38.41,95.55,-13.66
nan,nan,nan,-9.25,-1.10,-3.04,24.09,56.52,19.15
nan,nan,nan,-9.33,-0.78,-3.01,10.00,5.12,35.30
nan,nan,nan,-9.41,-0.75,-2.93,1.65,-10.30,11.04
nan,nan,nan,-9.57,-0.66,-2.89,-6.71,-16.89,2.50
nan,nan,nan,-9.60,-0.52,-2.87,-19.39,-9.33,8.41
nan,nan,nan,-9.63,-0.58,-2.75,3.35,13.54,2.50
nan,nan,nan,-9.46,-0.81,-2.86,0.12,16.89,-14.94
nan,nan,nan,-9.66,-0.94,-2.92,-41.10,11.89,-19.70
nan,nan,nan,-9.61,-0.83,-2.91,-67.20,36.46,-24.82
nan,nan,nan,-9.50,-0.57,-2.79,-34.15,32.99,-21.71
nan,nan,nan,-9.57,-0.64,-2.82,11.89,31.46,11.22
nan,nan,nan,-9.39,-0.72,-2.96,37.32,17.93,20.24
nan,nan,nan,-9.53,-0.76,-2.95,41.77,6.10,14.63
nan,nan,nan,-9.96,-0.45,-2.80,61.65,27.20,31.95
nan,nan,nan,-9.70,0.04,-2.48,163.96,43.29,78.54
nan,nan,nan,-10.37,0.40,-2.27,336.59,92.99,172.50
nan,nan,nan,-10.65,0.42,-2.23,567.56,159.33,307.87
nan,nan,nan,-10.76,0.56,-2.13,838.35,246.16,456.95
nan,nan,nan,-9.94,-0.28,-2.57,1043.11,306.65,546.46
nan,nan,nan,-9.03,-1.11,-3.60,1043.11,298.29,530.85
nan,nan,nan,-8.59,-1.20,-4.52,849.15,244.45,441.28
nan,nan,nan,-8.11,-1.08,-4.76,638.05,207.50,295.49
nan,nan,nan,-8.54,-0.90,-5.23,402.38,131.16,190.85
nan,nan,nan,-8.58,-0.26,-4.97,239.88,99.27,139.76
nan,nan,nan,-9.24,0.28,-4.56,187.68,131.59,120.91
nan,nan,nan,-8.55,0.14,-4.73,159.94,90.91,118.72
nan,nan,nan,-8.24,-0.08,-4.97,82.99,-5.24,82.13
nan,nan,nan,-8.15,-0.23,-5.20,-32.07,-75.98,-24.82
nan,nan,nan,-8.61,-0.68,-5.31,-214.33,-139.27,-116.71
nan,nan,nan,-8.69,-0.60,-4.86,-451.40,-190.12,-204.15
nan,nan,nan,-7.95,-0.85,-4.80,-654.94,-254.27,-346.46
0.8522920228217089,0.9197421610144071,0.8751420706376521,-8.56,-1.04,-4.11,-914.63,-316.46,-550.91
nan,nan,nan,-9.33,-0.74,-3.12,-1057.80,-267.44,-583.23
nan,nan,nan,-9.52,-0.13,-2.40,-1019.15,-278.41,-646.34
nan,nan,nan,-10.30,0.25,-1.84,-832.44,-174.21,-483.72
nan,nan,nan,-9.99,0.31,-1.89,-576.10,-140.73,-306.52
nan,nan,nan,-10.31,0.01,-2.04,-324.82,-79.70,-175.37
nan,nan,nan,-10.15,-0.33,-2.40,-129.15,-33.90,-58.05
nan,nan,nan,-9.82,-0.71,-2.67,6.46,6.10,-4.76
nan,nan,nan,-9.59,-1.08,-2.86,45.43,28.11,21.16
nan,nan,nan,-9.34,-1.17,-3.06,43.35,25.06,14.76
nan,nan,nan,-9.36,-1.23,-3.07,28.96,24.63,-1.34
nan,nan,nan,-9.37,-0.99,-3.01,16.71,27.68,-10.85
nan,nan,nan,-9.51,-1.09,-3.06,21.71,22.99,-5.12
nan,nan,nan,-9.54,-1.24,-3.15,16.40,15.85,14.02
nan,nan,nan,-9.41,-1.04,-3.03,6.16,12.44,23.41
nan,nan,nan,-9.55,-1.01,-3.15,-6.95,14.21,25.61
nan,nan,nan,-9.50,-0.89,-3.12,-11.34,13.23,12.87
0.9247734726105573,0.5993843422074538,0.7402793065498259,-9.49,-0.84,-3.17,-13.23,10.91,11.71
nan,nan,nan,-9.44,-0.87,-3.08,-18.05,2.50,16.71
nan,nan,nan,-9.31,-0.75,-3.08,-21.10,-6.22,14.15
nan,nan,nan,-9.49,-0.79,-3.03,-13.54,-11.65,0.06
0.8532120970314191,0.9345776651721914,0.9015530700390741,-9.43,-0.71,-3.01,-4.70,-11.52,-6.04
nan,nan,nan,-9.58,-0.78,-3.03,10.79,-4.70,-17.38
nan,nan,nan,-9.51,-0.94,-3.00,19.15,-8.96,-9.51
nan,nan,nan,-9.59,-1.05,-3.04,11.40,-9.63,-4.51
nan,nan,nan,-9.40,-1.02,-2.93,0.85,-6.46,-18.35
nan,nan,nan,-9.49,-0.97,-3.03,1.65,-7.62,-24.21
nan,nan,nan,-9.55,-1.04,-3.05,8.41,-12.68,-18.66
0.24216958091755317,0.7987539252970923,0.9103315314266356,-9.55,-1.02,-3.00,5.00,-1.46,-9.51
nan,nan,nan,-9.45,-1.01,-3.00,7.38,-3.72,-10.06
nan,nan,nan,-9.51,-1.04,-3.01,9.63,-10.12,-3.48
nan,nan,nan,-9.37,-1.08,-3.00,11.52,-18.05,-10.55
0.8433292328143382,0.9371097631209074,0.7419828150289924,-9.48,-1.08,-2.98,10.12,-32.07,-7.62
nan,nan,nan,-9.56,-1.08,-2.91,0.37,-32.93,-1.34
nan,nan,nan,-9.55,-0.96,-2.78,-5.00,-25.61,-6.16
nan,nan,nan,-9.63,-0.90,-2.70,5.91,-15.37,-7.26
nan,nan,nan,-9.61,-1.01,-2.84,11.71,-15.91,-1.40
nan,nan,nan,-9.67,-1.05,-2.82,14.15,-13.11,-13.17
nan,nan,nan,-9.65,-1.07,-2.87,8.35,-4.82,-8.17
nan,nan,nan,-9.58,-1.01,-2.84,2.20,3.11,-7.44
nan,nan,nan,-9.51,-0.98,-2.86,2.74,10.49,-10.43
nan,nan,nan,-9.51,-0.99,-2.76,14.57,5.79,-12.20
nan,nan,nan,-9.52,-1.16,-2.83,20.43,-0.49,-5.24
0.8172780068330415,0.8950002016655204,0.729900949293346,-9.56,-1.18,-2.79,14.88,-3.35,-1.89
nan,nan,nan,-9.48,-1.16,-2.80,8.78,-5.98,2.44
nan,nan,nan,-9.70,-1.18,-2.79,0.06,-2.44,4.57
0.8540518305719317,0.9416872890640936,0.8551667577750199,-9.59,-1.06,-2.63,-1.95,6.95,-0.79
nan,nan,nan,-9.45,-1.08,-2.75,7.87,-8.66,-5.61
nan,nan,nan,-9.66,-1.21,-2.79,8.23,-13.29,1.65
nan,nan,nan,-9.62,-1.07,-2.74,0.24,-1.16,7.38
nan,nan,nan,-9.59,-0.99,-2.74,-0.61,1.16,4.57
nan,nan,nan,-9.61,-0.97,-2.72,-2.93,-0.49,10.85
nan,nan,nan,-9.75,-0.91,-2.72,-23.29,4.27,19.51
nan,nan,nan,-9.65,-0.76,-2.80,-39.15,7.74,3.60
nan,nan,nan,-9.58,-0.85,-2.74,-57.50,-12.20,13.48
nan,nan,nan,-9.74,-0.80,-2.63,-80.43,-2.44,24.88
nan,nan,nan,-9.78,-0.59,-2.51,-83.66,-8.41,24.57
nan,nan,nan,-9.96,-0.75,-2.59,-95.18,-4.88,37.56
nan,nan,nan,-9.94,-0.63,-2.52,-110.61,52.80,43.35
nan,nan,nan,-9.69,-0.43,-2.61,-85.67,89.63,0.00
nan,nan,nan,-9.71,-0.77,-2.83,-65.61,103.72,-2.13
nan,nan,nan,-9.39,-0.73,-3.02,-46.46,122.93,-24.76
nan,nan,nan,-8.62,-0.95,-3.11,-32.93,74.27,-82.99
nan,nan,nan,-9.39,-1.26,-3.35,-60.43,-16.95,-59.70
nan,nan,nan,-9.62,-1.19,-3.20,-127.56,-23.48,-9.45
nan,nan,nan,-9.45,-0.73,-3.08,-137.93,2.38,-26.52
nan,nan,nan,-9.51,-0.73,-3.03,-122.68,-24.27,-51.16
nan,nan,nan,-9.53,-0.83,-2.79,-109.94,-24.33,-41.89
nan,nan,nan,-9.37,-0.86,-2.67,-89.09,-40.18,-42.26
nan,nan,nan,-9.44,-1.07,-2.80,-35.30,-50.55,-45.79
nan,nan,nan,-9.70,-1.33,-2.91,-46.22,-75.98,34.88
nan,nan,nan,-9.42,-1.21,-2.86,-91.52,-65.18,68.17
nan,nan,nan,-9.49,-0.83,-2.80,-85.06,-70.98,46.04
nan,nan,nan,-9.51,-0.78,-2.69,-64.45,-96.65,34.02
0.896715767426118,0.8888499589359217,0.8914411932918694,-9.71,-0.70,-2.86,-54.88,-68.41,39.39
nan,nan,nan,-9.77,-0.81,-3.04,-50.85,-43.78,28.48
nan,nan,nan,-9.74,-0.70,-3.12,-62.93,-34.27,16.89
nan,nan,nan,-9.30,-0.52,-2.72,-45.00,-25.98,-9.45
nan,nan,nan,-9.78,-0.73,-2.86,-4.63,-13.72,-26.83
nan,nan,nan,-9.47,-0.99,-2.99,16.04,51.52,-2.99
nan,nan,nan,-9.27,-0.84,-3.01,-25.06,32.80,59.63
nan,nan,nan,-10.11,-0.65,-3.05,-53.48,42.07,82.01
nan,nan,nan,-9.87,-0.17,-2.99,-75.55,46.16,93.96
nan,nan,nan,-9.70,-0.05,-2.99,-60.37,43.35,65.12
0.8986305474030735,0.8983350944590531,0.7405524067089513,-9.52,0.04,-2.87,-48.66,35.73,56.10
nan,nan,nan,-9.13,0.15,-2.68,-6.46,68.41,14.82
nan,nan,nan,-9.14,-0.24,-2.80,23.78,52.87,-8.05
nan,nan,nan,-9.58,-0.52,-2.97,16.22,32.44,-15.61
nan,nan,nan,-9.45,-0.50,-2.99,-0.49,51.89,3.78
nan,nan,nan,-9.57,-0.29,-2.97,-1.34,25.85,9.33
nan,nan,nan,-9.96,-0.32,-3.16,-16.71,12.26,21.83
nan,nan,nan,-9.15,0.13,-2.73,-20.06,27.80,-6.22
nan,nan,nan,-9.22,-0.03,-2.77,-3.78,-17.80,-30.98
nan,nan,nan,-9.53,-0.30,-2.79,-4.33,-18.54,-16.89
nan,nan,nan,-9.77,-0.22,-3.00,-2.87,9.76,-9.33
nan,nan,nan,-9.93,-0.27,-3.16,-10.73,44.88,26.52
nan,nan,nan,-9.45,0.01,-3.09,-7.38,50.00,6.04
nan,nan,nan,-9.55,-0.07,-3.09,16.95,48.23,-21.59
nan,nan,nan,-9.52,-0.29,-3.20,17.44,39.57,5.85
nan,nan,nan,-9.40,-0.27,-3.16,6.34,23.11,4.76
nan,nan,nan,-9.41,-0.08,-3.13,10.18,34.57,-18.35
nan,nan,nan,-9.35,-0.30,-3.14,37.80,39.45,-33.35
nan,nan,nan,-9.65,-0.55,-3.28,44.57,28.78,-26.77
nan,nan,nan,-9.51,-0.58,-3.34,36.46,43.05,-12.56
nan,nan,nan,-9.33,-0.63,-3.46,36.95,43.41,-5.61
nan,nan,nan,-9.20,-0.55,-3.43,21.95,23.66,11.71
nan,nan,nan,-9.42,-0.46,-3.46,3.54,10.98,4.39
nan,nan,nan,-9.60,-0.52,-3.31,-2.50,8.11,-1.77
nan,nan,nan,-9.65,-0.53,-3.46,-20.79,8.41,16.89
nan,nan,nan,-9.88,-0.41,-3.39,-24.15,-9.39,4.82
nan,nan,nan,-10.06,-0.42,-3.45,-24.09,7.01,32.74
nan,nan,nan,-9.92,-0.43,-3.62,-34.63,22.38,50.79
nan,nan,nan,-9.77,-0.57,-3.63,-81.10,35.73,60.67
nan,nan,nan,-9.84,-0.79,-3.77,-181.34,98.60,78.35
0.902191593459201,0.9224112618743536,0.8611767708533145,-8.93,0.25,-3.21,-225.85,86.83,71.59
nan,nan,nan,-8.95,0.79,-3.28,-168.23,73.05,52.44
nan,nan,nan,-8.84,1.25,-3.22,-60.37,79.09,16.04
nan,nan,nan,-8.62,1.32,-3.26,87.38,50.18,-14.82
nan,nan,nan,-8.83,0.83,-3.48,206.95,-2.68,-22.44
nan,nan,nan,-9.02,0.10,-3.86,257.87,-49.57,-49.21
nan,nan,nan,-9.52,-0.57,-2.10,125.12,9.82,13.90
nan,nan,nan,-9.80,-0.31,-1.82,114.63,15.55,2.50
nan,nan,nan,-9.52,-0.57,-2.10,125.12,9.82,13.90
nan,nan,nan,-9.80,-0.31,-1.82,114.63,15.55,2.50
nan,nan,nan,-9.80,-0.26,-1.87,131.04,27.20,10.67
nan,nan,nan,-9.80,-0.18,-1.78,165.73,30.98,35.85
nan,nan,nan,-9.80,0.06,-1.78,231.83,29.45,35.18
nan,nan,nan,-9.94,0.23,-1.63,292.56,53.48,36.65
nan,nan,nan,-10.05,0.03,-1.69,389.27,91.77,55.49
nan,nan,nan,-9.66,0.22,-1.62,491.28,87.20,92.62
nan,nan,nan,-9.74,-0.38,-2.06,550.43,65.24,108.11
nan,nan,nan,-9.76,-0.52,-2.07,570.00,83.72,64.57
nan,nan,nan,-9.45,-1.34,-2.53,481.95,66.83,56.46
nan,nan,nan,-9.72,-1.03,-2.54,356.34,51.40,7.56
nan,nan,nan,-9.90,-0.77,-2.37,291.65,55.91,-1.46
nan,nan,nan,-9.21,-0.64,-2.30,287.93,19.02,-25.00
nan,nan,nan,-10.15,-0.69,-2.51,247.56,5.18,-44.63
nan,nan,nan,-9.64,-0.45,-2.18,227.44,7.44,-32.07
nan,nan,nan,-9.92,-0.83,-2.32,238.48,11.52,-35.49
nan,nan,nan,-9.50,-1.12,-2.36,209.21,38.23,-27.56
nan,nan,nan,-9.71,-1.42,-2.56,135.30,18.96,-28.41
nan,nan,nan,-10.05,-1.20,-2.47,86.10,33.48,-35.30
nan,nan,nan,-9.63,-0.91,-2.39,47.01,26.89,-30.98
nan,nan,nan,-9.66,-1.13,-2.49,42.62,16.46,-21.95
nan,nan,nan,-9.63,-0.89,-2.39,30.91,26.34,-31.71
nan,nan,nan,-9.52,-1.01,-2.53,26.34,12.68,-39.57
nan,nan,nan,-9.58,-1.07,-2.41,38.78,14.57,-33.90
nan,nan,nan,-9.66,-1.34,-2.54,8.60,6.10,-30.24
nan,nan,nan,-9.71,-1.14,-2.42,13.17,11.83,-34.21
nan,nan,nan,-9.64,-1.28,-2.46,10.43,5.00,-29.02
nan,nan,nan,-9.66,-1.23,-2.41,9.76,12.74,-19.15
nan,nan,nan,-9.57,-1.41,-2.64,1.28,9.70,-0.67
nan,nan,nan,-9.87,-0.92,-2.45,23.41,30.61,-21.28
nan,nan,nan,-9.34,-1.24,-2.49,38.05,9.63,7.32
nan,nan,nan,-9.80,-1.27,-2.55,25.61,5.24,-9.51
nan,nan,nan,-9.47,-1.22,-2.50,9.63,12.26,16.65
nan,nan,nan,-9.42,-1.24,-2.51,1.65,-9.88,-12.44
nan,nan,nan,-9.58,-1.09,-2.39,-8.35,-9.82,4.02
nan,nan,nan,-9.70,-1.03,-2.36,13.54,-11.52,-9.88
nan,nan,nan,-9.53,-1.10,-2.42,11.52,-5.18,-5.30
nan,nan,nan,-9.68,-1.09,-2.45,6.46,-10.24,-8.23
nan,nan,nan,-9.59,-0.95,-2.32,8.17,-4.51,-18.41
nan,nan,nan,-9.54,-1.08,-2.33,23.66,-5.91,-21.10
nan,nan,nan,-9.76,-1.14,-2.42,24.70,-1.04,-27.68
nan,nan,nan,-9.73,-1.33,-2.48,20.43,4.27,-10.98
nan,nan,nan,-9.57,-1.28,-2.31,14.76,10.61,-15.55
nan,nan,nan,-9.65,-1.29,-2.37,9.09,9.63,-7.56
nan,nan,nan,-9.66,-1.27,-2.45,14.09,12.26,-20.55
nan,nan,nan,-9.59,-1.33,-2.56,8.84,12.56,-7.50
nan,nan,nan,-9.53,-1.34,-2.54,13.11,4.63,-23.72
nan,nan,nan,-9.71,-1.40,-2.49,5.18,5.43,-9.21
nan,nan,nan,-9.64,-1.36,-2.45,4.45,3.60,-15.00
nan,nan,nan,-9.69,-1.33,-2.38,0.98,7.44,-7.07
nan,nan,nan,-9.55,-1.26,-2.33,25.55,9.94,-18.54
nan,nan,nan,-9.66,-1.51,-2.50,11.46,8.48,-5.49
nan,nan,nan,-9.61,-1.43,-2.43,9.21,13.48,-5.67
nan,nan,nan,-9.46,-1.40,-2.43,3.11,10.79,0.06
nan,nan,nan,-9.56,-1.28,-2.39,8.60,-2.68,-18.54
nan,nan,nan,-9.60,-1.40,-2.44,3.84,3.17,2.44
nan,nan,nan,-9.55,-1.16,-2.39,5.91,1.77,-13.23
nan,nan,nan,-9.48,-1.43,-2.41,5.30,4.39,-2.99
nan,nan,nan,-9.55,-1.26,-2.39,3.17,-3.60,-22.20
nan,nan,nan,-9.72,-1.53,-2.52,2.99,0.67,-5.73
nan,nan,nan,-9.72,-1.41,-2.39,4.27,4.15,-4.21
nan,nan,nan,-9.64,-1.43,-2.45,-2.62,7.07,12.80
nan,nan,nan,-9.51,-1.24,-2.38,7.44,5.06,-9.51
nan,nan,nan,-9.58,-1.50,-2.47,5.37,5.00,4.88
nan,nan,nan,-9.40,-1.21,-2.40,0.91,7.32,-5.18
nan,nan,nan,-9.57,-1.36,-2.50,-3.11,6.77,-15.43
0.9321292903981658,0.7738015676394513,0.9404292000898181,-9.56,-1.18,-2.21,2.01,2.01,-3.60
nan,nan,nan,-9.62,-1.44,-2.48,8.78,1.71,-8.29
nan,nan,nan,-9.55,-1.34,-2.38,2.68,10.85,-6.59
nan,nan,nan,-9.53,-1.51,-2.43,6.46,0.49,-10.61
nan,nan,nan,-9.68,-1.34,-2.38,-0.12,3.29,-2.44
nan,nan,nan,-9.69,-1.32,-2.50,5.49,10.06,-9.27
nan,nan,nan,-9.55,-1.37,-2.37,3.11,10.49,-5.43
nan,nan,nan,-9.61,-1.45,-2.49,7.62,6.46,-7.80
nan,nan,nan,-9.63,-1.54,-2.36,1.40,11.59,-11.46
nan,nan,nan,-9.47,-1.30,-2.40,8.05,7.20,-14.76
nan,nan,nan,-9.58,-1.62,-2.38,9.70,0.55,-9.33
nan,nan,nan,-9.60,-1.48,-2.28,8.35,-1.83,-0.61
nan,nan,nan,-9.69,-1.50,-2.40,7.13,2.56,-7.99
nan,nan,nan,-9.53,-1.42,-2.46,3.78,6.52,-0.91
nan,nan,nan,-9.60,-1.44,-2.39,14.51,8.78,-8.72
nan,nan,nan,-9.50,-1.47,-2.44,7.87,6.77,-3.78
nan,nan,nan,-9.69,-1.45,-2.47,5.67,8.17,-12.20
nan,nan,nan,-9.43,-1.37,-2.40,9.70,13.29,2.32
nan,nan,nan,-9.60,-1.52,-2.47,17.62,9.57,-10.73
nan,nan,nan,-9.55,-1.53,-2.39,6.77,-2.99,-6.95
nan,nan,nan,-9.63,-1.45,-2.36,6.10,1.95,-11.89
nan,nan,nan,-9.53,-1.52,-2.38,13.78,5.12,-6.95
nan,nan,nan,-9.57,-1.48,-2.39,15.24,1.04,-9.51
nan,nan,nan,-9.66,-1.59,-2.50,8.96,1.16,-5.98
nan,nan,nan,-9.70,-1.42,-2.31,16.83,8.11,-4.02
nan,nan,nan,-9.37,-1.55,-2.39,15.24,10.73,-9.70
nan,nan,nan,-9.54,-1.54,-2.51,11.28,0.79,-17.13
nan,nan,nan,-9.53,-1.65,-2.51,3.60,5.18,-14.70
nan,nan,nan,-9.53,-1.49,-2.38,17.01,4.57,-11.40
nan,nan,nan,-9.48,-1.75,-2.41,13.35,-1.95,-12.26
nan,nan,nan,-9.67,-1.62,-2.39,9.88,1.89,-9.09
nan,nan,nan,-9.67,-1.78,-2.43,9.15,4.33,-2.99
nan,nan,nan,-9.64,-1.58,-2.37,4.57,4.15,-11.59
nan,nan,nan,-9.61,-1.75,-2.49,8.23,9.27,-5.24
nan,nan,nan,-9.44,-1.55,-2.46,3.90,-0.30,-10.00
nan,nan,nan,-9.69,-1.55,-2.41,-0.24,8.72,2.01
nan,nan,nan,-9.44,-1.57,-2.42,13.48,8.17,-3.41
nan,nan,nan,-9.47,-1.63,-2.60,-2.32,10.61,-3.29
nan,nan,nan,-9.52,-1.57,-2.39,9.33,6.34,-6.52
nan,nan,nan,-9.52,-1.66,-2.48,0.98,0.06,3.48
nan,nan,nan,-9.62,-1.50,-2.46,-2.68,2.87,-15.98
nan,nan,nan,-9.41,-1.56,-2.31,1.95,8.72,0.98
nan,nan,nan,-9.56,-1.63,-2.47,8.96,3.84,-8.90
0.23017566360972574,0.7856132988453937,0.99,-9.62,-1.68,-2.46,0.06,6.40,0.43
nan,nan,nan,-9.65,-1.59,-2.42,3.84,3.90,-8.17
nan,nan,nan,-9.39,-1.63,-2.49,2.38,6.71,-9.09
nan,nan,nan,-9.59,-1.59,-2.53,3.72,0.43,-17.44
nan,nan,nan,-9.59,-1.63,-2.40,5.24,12.01,-13.11
nan,nan,nan,-9.46,-1.65,-2.41,12.87,13.05,-20.98
nan,nan,nan,-9.56,-1.80,-2.48,12.44,11.40,-2.50
nan,nan,nan,-9.55,-1.86,-2.55,5.00,5.79,-1.95
nan,nan,nan,-9.69,-1.78,-2.56,2.44,2.26,-3.60
nan,nan,nan,-9.58,-1.71,-2.43,2.62,6.52,-5.06
nan,nan,nan,-9.60,-1.75,-2.51,8.66,9.76,-7.38
nan,nan,nan,-9.50,-1.68,-2.56,9.57,3.78,3.41
nan,nan,nan,-9.46,-1.72,-2.48,5.61,-4.76,-8.90
nan,nan,nan,-9.40,-1.59,-2.40,3.66,2.32,2.32
nan,nan,nan,-9.60,-1.63,-2.39,13.17,4.33,-6.40
nan,nan,nan,-9.53,-1.71,-2.47,5.85,13.23,7.99
nan,nan,nan,-9.54,-1.63,-2.39,19.70,9.21,-6.10
nan,nan,nan,-9.62,-1.75,-2.45,13.48,9.88,-6.65
nan,nan,nan,-9.62,-1.74,-2.42,0.43,17.68,2.56
nan,nan,nan,-9.41,-1.69,-2.40,-4.70,9.57,-0.18
nan,nan,nan,-9.42,-1.65,-2.55,-1.59,0.18,-14.70
nan,nan,nan,-9.55,-1.64,-2.55,-1.10,5.43,-2.32
nan,nan,nan,-9.55,-1.62,-2.49,7.99,-0.67,-12.13
nan,nan,nan,-9.39,-1.77,-2.50,6.40,10.24,-2.20
nan,nan,nan,-9.61,-1.69,-2.53,1.89,3.29,-9.63
nan,nan,nan,-9.47,-1.78,-2.45,-0.43,5.73,2.32
nan,nan,nan,-9.53,-1.59,-2.41,-0.18,6.77,-29.70
nan,nan,nan,-9.49,-1.76,-2.46,6.71,16.95,-5.00
nan,nan,nan,-9.56,-1.88,-2.60,15.06,14.57,-6.46
nan,nan,nan,-9.36,-1.74,-2.48,7.38,12.38,1.52
nan,nan,nan,-9.50,-1.89,-2.59,-0.18,-4.09,-7.26
nan,nan,nan,-9.58,-1.52,-2.37,7.20,-0.98,-9.70
nan,nan,nan,-9.60,-1.78,-2.52,36.40,5.18,4.15
nan,nan,nan,-9.41,-1.86,-2.51,18.60,-1.40,-13.72
nan,nan,nan,-9.51,-1.78,-2.49,11.59,0.98,-0.37
nan,nan,nan,-9.48,-1.82,-2.52,12.26,-3.54,-10.49
nan,nan,nan,-9.62,-1.91,-2.52,7.80,0.91,-4.70
nan,nan,nan,-9.57,-1.74,-2.50,-4.09,6.34,-5.67
nan,nan,nan,-9.36,-1.84,-2.55,1.65,-0.73,3.17
nan,nan,nan,-9.52,-1.65,-2.45,-2.01,-13.41,0.00
nan,nan,nan,-9.58,-1.72,-2.45,3.78,-3.54,13.66
nan,nan,nan,-9.57,-1.52,-2.32,10.00,-2.56,-10.55
nan,nan,nan,-9.50,-1.92,-2.55,11.46,0.91,-1.10
nan,nan,nan,-9.59,-1.69,-2.40,2.50,5.24,-14.76
nan,nan,nan,-9.63,-1.88,-2.54,6.59,10.98,0.37
0.9191843488644093,0.7472600671836702,0.7142160397529411,-9.45,-1.64,-2.40,2.26,5.00,-16.77
nan,nan,nan,-9.50,-1.82,-2.52,1.71,6.10,2.50
nan,nan,nan,-9.45,-1.75,-2.49,1.34,0.37,-19.94
nan,nan,nan,-9.53,-1.79,-2.45,1.83,4.09,-6.89
nan,nan,nan,-9.54,-1.73,-2.47,12.80,8.84,-6.59
nan,nan,nan,-9.51,-2.03,-2.55,3.66,5.91,-5.00
nan,nan,nan,-9.62,-1.79,-2.36,1.59,5.67,-11.04
nan,nan,nan,-9.59,-1.90,-2.63,1.28,11.52,-7.13
nan,nan,nan,-9.46,-1.73,-2.51,1.22,14.33,-4.39
nan,nan,nan,-9.39,-1.89,-2.58,1.83,6.95,-10.61
nan,nan,nan,-9.56,-1.89,-2.52,-3.48,9.76,-1.83
nan,nan,nan,-9.55,-1.78,-2.50,8.35,7.74,-9.09
nan,nan,nan,-9.45,-1.84,-2.57,4.57,2.26,-3.78
nan,nan,nan,-9.52,-1.79,-2.54,4.57,-0.79,-8.96
nan,nan,nan,-9.53,-1.83,-2.46,9.09,8.54,-5.43
nan,nan,nan,-9.40,-1.89,-2.53,11.65,2.44,-8.66
nan,nan,nan,-9.67,-1.83,-2.40,5.24,1.04,-7.87
nan,nan,nan,-9.54,-1.84,-2.32,7.38,5.37,-3.05
nan,nan,nan,-9.54,-1.90,-2.48,5.24,11.83,-12.01
nan,nan,nan,-9.41,-1.87,-2.46,6.83,9.09,-10.49
nan,nan,nan,-9.45,-1.97,-2.51,5.00,3.35,-13.35
nan,nan,nan,-9.52,-1.79,-2.50,-4.15,8.05,-7.62
nan,nan,nan,-9.31,-1.99,-2.59,6.34,10.98,-1.89
nan,nan,nan,-9.44,-1.94,-2.68,-13.96,-5.73,-4.45
nan,nan,nan,-9.50,-1.82,-2.45,-0.49,0.18,15.30
nan,nan,nan,-9.30,-1.84,-2.53,2.80,-9.94,-6.77
nan,nan,nan,-9.71,-1.93,-2.45,6.77,1.52,-3.72
nan,nan,nan,-9.36,-1.85,-2.45,12.26,2.07,-6.65
nan,nan,nan,-9.64,-1.90,-2.48,9.45,10.98,-7.01
nan,nan,nan,-9.36,-1.90,-2.45,10.61,7.07,-8.54
0.1993081054649787,0.759641249673965,0.9260712501768625,-9.50,-1.98,-2.55,17.07,5.85,-10.98
nan,nan,nan,-9.47,-1.90,-2.47,11.10,5.37,-8.60
nan,nan,nan,-9.51,-2.00,-2.38,18.54,-1.10,-7.93
nan,nan,nan,-9.43,-2.06,-2.45,9.70,-11.28,-1.16
nan,nan,nan,-9.44,-1.98,-2.47,5.73,-17.50,-2.93
nan,nan,nan,-9.66,-1.84,-2.42,7.38,-9.88,0.24
nan,nan,nan,-9.44,-1.96,-2.40,13.60,-0.12,-6.28
nan,nan,nan,-9.51,-1.88,-2.41,7.32,-1.71,-7.38
0.19788230935987994,0.7575625072033826,0.8944167267782219,-9.64,-2.00,-2.46,2.74,2.44,-7.38
nan,nan,nan,-9.52,-1.90,-2.24,-1.89,8.84,-13.48
nan,nan,nan,-9.39,-1.88,-2.36,11.10,15.85,-2.38
nan,nan,nan,-9.41,-2.15,-2.51,5.79,3.84,-10.12
nan,nan,nan,-9.49,-1.91,-2.37,1.83,0.37,-5.85
nan,nan,nan,-9.54,-2.03,-2.46,7.13,3.05,-0.61
nan,nan,nan,-9.46,-1.89,-2.31,6.71,-2.99,-25.12
nan,nan,nan,-9.51,-2.07,-2.49,10.73,-0.06,-2.07
nan,nan,nan,-9.52,-2.08,-2.37,6.22,7.74,-15.18
0.8940715382494634,0.8758308019913923,0.7861457113478191,-9.45,-2.07,-2.40,5.55,4.15,-8.96
nan,nan,nan,-9.57,-2.02,-2.27,4.33,8.72,-15.18
nan,nan,nan,-9.43,-2.07,-2.47,8.17,10.43,-4.70
nan,nan,nan,-9.46,-2.03,-2.43,3.05,-1.46,-6.77
nan,nan,nan,-9.52,-2.14,-2.50,3.78,2.20,-9.57
nan,nan,nan,-9.48,-2.08,-2.48,-13.17,4.27,-21.04
nan,nan,nan,-9.83,-1.99,-2.39,-12.80,22.80,-16.77
nan,nan,nan,-9.19,-2.07,-2.34,-3.11,25.55,-2.07
nan,nan,nan,-9.48,-2.15,-2.40,-4.63,10.06,-13.96
nan,nan,nan,-9.38,-2.12,-2.43,3.41,8.11,4.82
nan,nan,nan,-9.48,-2.19,-2.62,-2.01,3.84,-4.45
nan,nan,nan,-9.57,-2.06,-2.47,-1.52,6.89,10.49
nan,nan,nan,-9.26,-1.92,-2.39,6.83,-10.24,-3.72
nan,nan,nan,-9.69,-2.06,-2.40,-1.77,-5.85,-5.79
nan,nan,nan,-9.40,-1.80,-2.24,17.07,5.37,-8.60
nan,nan,nan,-9.44,-2.08,-2.49,18.54,2.74,-11.46
nan,nan,nan,-9.45,-2.09,-2.57,15.06,1.34,-16.28
nan,nan,nan,-9.51,-2.20,-2.47,7.93,2.32,-11.71
nan,nan,nan,-9.52,-2.18,-2.46,8.11,9.09,-10.73
nan,nan,nan,-9.49,-2.23,-2.52,6.22,-3.05,-5.24
nan,nan,nan,-9.42,-2.19,-2.43,-5.37,-1.71,-2.44
nan,nan,nan,-9.45,-2.06,-2.49,3.90,-5.91,-13.17
nan,nan,nan,-9.47,-2.05,-2.37,5.98,8.96,-14.33
nan,nan,nan,-9.36,-2.15,-2.37,14.94,10.49,-4.15
nan,nan,nan,-9.45,-2.31,-2.45,4.39,-1.10,-5.98
nan,nan,nan,-9.48,-2.03,-2.39,7.13,6.59,-1.71
nan,nan,nan,-9.24,-2.10,-2.50,14.70,-7.07,-13.54
nan,nan,nan,-9.42,-2.15,-2.45,9.70,-23.84,-21.59
0.9007979638527731,0.849281726435038,0.7653664625477429,-9.60,-2.17,-2.36,19.02,-2.32,-3.11
nan,nan,nan,-9.39,-2.27,-2.38,17.56,1.83,-3.35
nan,nan,nan,-9.51,-2.24,-2.38,0.67,0.55,-6.16
nan,nan,nan,-9.44,-2.19,-2.36,10.24,6.46,0.73
nan,nan,nan,-9.50,-2.17,-2.42,-1.89,4.76,-12.32
nan,nan,nan,-9.35,-2.15,-2.41,1.89,7.38,2.13
nan,nan,nan,-9.47,-2.17,-2.39,-6.77,-0.49,-14.88
nan,nan,nan,-9.45,-2.14,-2.23,-5.55,10.12,-3.84
nan,nan,nan,-9.36,-2.23,-2.40,5.61,4.45,-7.26
nan,nan,nan,-9.48,-2.25,-2.33,-3.60,8.48,-11.04
nan,nan,nan,-9.41,-2.12,-2.34,3.96,7.56,0.55
nan,nan,nan,-9.42,-2.14,-2.32,1.65,9.15,-9.70
nan,nan,nan,-9.37,-2.20,-2.48,-3.66,6.40,-11.89
nan,nan,nan,-9.54,-2.08,-2.37,7.44,3.11,-32.26
nan,nan,nan,-9.41,-2.36,-2.47,7.62,12.68,-7.68
nan,nan,nan,-9.33,-2.27,-2.50,3.54,2.26,-24.76
nan,nan,nan,-9.51,-2.40,-2.49,4.88,4.57,-6.71
nan,nan,nan,-9.36,-2.30,-2.48,4.76,7.87,-5.61
nan,nan,nan,-9.55,-2.38,-2.45,-0.85,6.46,0.12
nan,nan,nan,-9.24,-2.14,-2.43,-3.35,6.52,-3.90
nan,nan,nan,-9.53,-2.31,-2.42,2.50,8.60,-6.22
nan,nan,nan,-9.32,-2.16,-2.43,10.79,9.63,-5.55
nan,nan,nan,-9.36,-2.40,-2.50,11.77,6.95,-2.56
nan,nan,nan,-9.37,-2.23,-2.46,5.91,3.84,-8.29
nan,nan,nan,-9.50,-2.20,-2.39,14.21,7.56,-11.40
nan,nan,nan,-9.38,-2.35,-2.42,20.06,8.48,-6.28
nan,nan,nan,-9.31,-2.36,-2.43,15.06,0.24,-3.78
nan,nan,nan,-9.50,-2.32,-2.45,-2.01,-1.95,-2.80
nan,nan,nan,-9.45,-2.14,-2.36,0.30,17.07,3.54
nan,nan,nan,-9.47,-2.40,-2.38,7.01,13.05,1.46
nan,nan,nan,-9.44,-2.23,-2.47,-6.16,14.51,-9.82
nan,nan,nan,-9.44,-2.30,-2.33,0.85,23.90,4.94
nan,nan,nan,-9.43,-2.34,-2.60,-0.30,21.34,-5.67
nan,nan,nan,-9.47,-2.32,-2.52,4.27,12.74,-11.95
nan,nan,nan,-9.48,-2.34,-2.52,1.77,9.39,-2.99
nan,nan,nan,-9.39,-2.33,-2.52,3.35,7.26,-5.67
nan,nan,nan,-9.39,-2.28,-2.45,3.48,7.80,-8.23
nan,nan,nan,-9.50,-2.44,-2.58,5.43,0.30,-9.09
nan,nan,nan,-9.49,-2.39,-2.52,-0.91,7.13,-9.09
nan,nan,nan,-9.47,-2.40,-2.42,9.63,17.01,0.06
nan,nan,nan,-9.22,-2.43,-2.55,0.06,5.85,-14.27
nan,nan,nan,-9.45,-2.27,-2.53,2.26,9.21,-3.17
nan,nan,nan,-9.38,-2.38,-2.49,9.21,3.29,-1.52
nan,nan,nan,-9.39,-2.31,-2.47,2.32,9.15,-6.52
nan,nan,nan,-9.29,-2.32,-2.49,5.49,-1.77,0.49
nan,nan,nan,-9.40,-2.34,-2.47,4.15,6.83,-3.90
nan,nan,nan,-9.41,-2.50,-2.58,0.06,11.22,-1.59
nan,nan,nan,-9.45,-2.25,-2.40,-4.51,7.99,-7.93
nan,nan,nan,-9.38,-2.33,-2.50,-1.46,17.99,3.23
nan,nan,nan,-9.20,-2.29,-2.40,0.91,12.80,-5.73
nan,nan,nan,-9.28,-2.36,-2.50,9.39,1.89,-13.78
nan,nan,nan,-9.36,-2.38,-2.50,0.98,-5.49,-4.76
nan,nan,nan,-9.46,-2.32,-2.55,7.93,-1.77,-15.91
nan,nan,nan,-9.28,-2.34,-2.50,7.93,0.49,-17.01
0.8846497933729559,0.9146368646206778,0.7701099057739608,-9.51,-2.37,-2.57,17.26,8.29,-8.05
nan,nan,nan,-9.19,-2.53,-2.59,6.04,-0.18,-10.43
nan,nan,nan,-9.44,-2.28,-2.50,0.12,5.24,-19.39
nan,nan,nan,-9.34,-2.44,-2.53,19.94,6.22,-1.77
nan,nan,nan,-9.35,-2.63,-2.60,3.66,-1.71,-17.80
nan,nan,nan,-9.44,-2.47,-2.53,4.45,3.05,-5.61
nan,nan,nan,-9.23,-2.67,-2.65,-4.21,-2.62,-5.98
nan,nan,nan,-9.37,-2.34,-2.42,-14.02,-2.26,-15.30
nan,nan,nan,-9.42,-2.39,-2.43,4.76,-1.28,1.71
0.8833335956588888,0.9130435908331953,0.7839730539909929,-9.40,-2.53,-2.40,3.96,4.57,0.91
nan,nan,nan,-9.49,-2.43,-2.41,0.98,9.21,3.78
nan,nan,nan,-9.32,-2.44,-2.63,6.59,6.95,1.34
nan,nan,nan,-9.24,-2.53,-2.56,-7.26,-3.48,2.50
nan,nan,nan,-9.50,-2.43,-2.44,-9.76,-7.99,-5.73
nan,nan,nan,-9.52,-2.45,-2.44,-8.35,4.76,1.65
nan,nan,nan,-9.32,-2.26,-2.41,-0.12,18.11,5.37
nan,nan,nan,-9.34,-2.44,-2.47,2.99,12.62,-5.43
nan,nan,nan,-9.36,-2.41,-2.51,-2.56,6.10,-5.06
nan,nan,nan,-9.48,-2.40,-2.56,-0.18,10.85,-7.56
0.2180598315200157,0.7918892950981583,0.8750144488510254,-9.18,-2.35,-2.62,-2.32,0.67,-9.63
nan,nan,nan,-9.44,-2.38,-2.45,1.04,1.16,-6.83
nan,nan,nan,-9.41,-2.44,-2.54,4.88,4.45,2.93
nan,nan,nan,-9.18,-2.48,-2.53,8.90,-3.54,0.43
nan,nan,nan,-9.44,-2.47,-2.58,0.61,-3.05,-20.61
nan,nan,nan,-9.36,-2.41,-2.37,9.57,2.74,-5.91
nan,nan,nan,-9.37,-2.54,-2.54,13.96,3.35,-8.66
nan,nan,nan,-9.27,-2.56,-2.45,-1.59,7.44,-3.72
nan,nan,nan,-9.42,-2.40,-2.47,5.49,4.51,-9.76
nan,nan,nan,-9.32,-2.66,-2.52,7.32,4.76,2.44
nan,nan,nan,-9.32,-2.43,-2.49,0.43,5.43,-13.41
nan,nan,nan,-9.35,-2.51,-2.57,-1.95,4.39,4.02
nan,nan,nan,-9.33,-2.38,-2.55,-3.35,0.12,-10.79
nan,nan,nan,-9.39,-2.63,-2.45,-3.84,5.24,12.62
nan,nan,nan,-9.35,-2.52,-2.49,-7.74,3.35,17.56
nan,nan,nan,-9.34,-2.33,-2.50,-13.66,4.27,0.85
nan,nan,nan,-9.30,-2.22,-2.49,0.61,3.05,0.55
nan,nan,nan,-9.47,-2.55,-2.51,-0.85,3.78,-7.87
nan,nan,nan,-9.37,-2.40,-2.44,-5.30,8.54,2.26
nan,nan,nan,-9.38,-2.53,-2.72,-6.52,7.44,3.11
0.8899623877205981,0.7797885533365038,0.7000384848845447,-9.32,-2.38,-2.52,-3.41,0.79,-11.46
nan,nan,nan,-9.40,-2.55,-2.65,0.24,1.40,4.82
nan,nan,nan,-9.35,-2.32,-2.51,-6.28,3.35,-17.62
nan,nan,nan,-9.39,-2.47,-2.48,0.49,7.44,0.37
nan,nan,nan,-9.16,-2.44,-2.51,-1.10,1.65,-5.98
nan,nan,nan,-9.41,-2.47,-2.51,-8.41,2.07,-1.59
nan,nan,nan,-9.45,-2.41,-2.47,3.54,5.18,-0.98
nan,nan,nan,-9.41,-2.59,-2.48,5.67,10.85,2.62
nan,nan,nan,-9.22,-2.47,-2.53,2.01,5.73,1.22
nan,nan,nan,-9.39,-2.38,-2.55,5.73,3.11,-2.62
nan,nan,nan,-9.43,-2.42,-2.52,5.24,9.02,-9.15
nan,nan,nan,-9.31,-2.53,-2.53,5.24,5.18,-7.62
nan,nan,nan,-9.55,-2.47,-2.47,2.93,7.32,-10.73
nan,nan,nan,-9.28,-2.56,-2.59,4.94,3.72,0.18
nan,nan,nan,-9.36,-2.57,-2.55,-14.82,-3.23,-4.82
nan,nan,nan,-9.50,-2.26,-2.32,-5.30,10.98,-9.33
nan,nan,nan,-9.29,-2.47,-2.58,8.54,9.33,-5.67
nan,nan,nan,-9.41,-2.53,-2.66,-7.20,6.28,-7.13
nan,nan,nan,-9.28,-2.41,-2.58,-7.38,7.87,5.30
nan,nan,nan,-9.26,-2.48,-2.59,-16.34,0.79,-14.82
nan,nan,nan,-9.76,-2.55,-2.50,-11.10,7.50,2.01
nan,nan,nan,-9.31,-2.47,-2.57,-11.52,29.51,16.28
nan,nan,nan,-9.38,-2.39,-2.40,-21.52,26.95,-2.01
nan,nan,nan,-9.25,-2.21,-2.57,6.40,35.24,-8.48
nan,nan,nan,-9.40,-2.52,-2.67,14.57,25.49,-7.80
nan,nan,nan,-9.40,-2.57,-2.57,8.84,27.44,-14.70
nan,nan,nan,-9.34,-2.70,-2.77,4.57,20.24,-9.57
nan,nan,nan,-9.19,-2.44,-2.55,-2.56,25.12,-15.30
nan,nan,nan,-9.37,-2.51,-2.70,2.44,24.27,-13.66
nan,nan,nan,-9.28,-2.43,-2.67,1.22,27.50,-31.89
nan,nan,nan,-9.25,-2.63,-2.64,-3.17,37.80,9.21
nan,nan,nan,-9.15,-2.65,-2.85,-3.41,18.84,-7.68
nan,nan,nan,-9.19,-2.45,-2.70,-9.63,6.04,7.50
nan,nan,nan,-9.29,-2.37,-2.73,2.07,6.34,-8.05
nan,nan,nan,-9.14,-2.44,-2.67,4.57,0.37,-6.83
nan,nan,nan,-9.24,-2.52,-2.75,5.85,-1.28,-11.10
nan,nan,nan,-9.33,-2.49,-2.68,2.07,1.40,-5.49
0.2004931064655334,0.7696474119800752,0.8380961741339049,-9.28,-2.53,-2.76,2.01,-3.60,-11.22
nan,nan,nan,-9.28,-2.47,-2.70,2.50,2.07,-22.20
nan,nan,nan,-9.31,-2.60,-2.72,1.04,11.28,-11.89
nan,nan,nan,-9.35,-2.51,-2.73,6.71,9.33,-8.23
nan,nan,nan,-9.16,-2.66,-2.83,-0.12,8.05,-16.34
nan,nan,nan,-9.02,-2.48,-2.75,2.44,-9.76,-36.16
nan,nan,nan,-9.41,-2.56,-2.91,11.77,-19.57,-43.11
nan,nan,nan,-9.43,-2.75,-2.72,19.94,-10.24,1.04
nan,nan,nan,-9.34,-2.75,-2.66,21.46,-2.13,-12.74
nan,nan,nan,-9.36,-2.82,-2.74,2.07,1.22,-2.99
nan,nan,nan,-9.36,-2.59,-2.59,3.11,11.04,-6.77
nan,nan,nan,-9.34,-2.68,-2.64,5.30,17.50,-6.52
nan,nan,nan,-9.20,-2.65,-2.75,-3.11,17.26,-17.87
nan,nan,nan,-9.20,-2.65,-2.72,0.43,17.01,-10.00
nan,nan,nan,-9.11,-2.73,-2.76,-10.24,3.54,-6.77
nan,nan,nan,-9.29,-2.63,-2.59,-7.20,3.23,-10.55
nan,nan,nan,-9.17,-2.66,-2.66,6.65,2.74,-6.65
nan,nan,nan,-9.34,-2.79,-2.76,4.88,-1.46,-9.21
nan,nan,nan,-9.33,-2.71,-2.65,1.95,-1.22,-0.91
nan,nan,nan,-9.21,-2.76,-2.75,1.10,5.12,6.65
nan,nan,nan,-9.29,-2.81,-2.65,-4.88,-4.76,-7.13
nan,nan,nan,-9.37,-2.73,-2.71,-0.06,10.73,-3.72
nan,nan,nan,-9.18,-2.78,-2.73,-3.84,8.48,1.89
nan,nan,nan,-9.18,-2.51,-2.72,1.34,4.33,-25.30
nan,nan,nan,-9.18,-2.82,-2.72,-0.18,-5.37,-21.71
nan,nan,nan,-9.11,-2.67,-2.81,-4.70,-22.80,-46.22
nan,nan,nan,-9.24,-2.68,-2.67,-3.84,-13.17,-33.05
nan,nan,nan,-9.33,-2.82,-2.70,7.01,-6.77,-17.44
0.20238238457984514,0.7714141505851889,0.9005712110302562,-9.35,-2.98,-2.60,-0.85,2.32,-9.39
nan,nan,nan,-9.15,-2.79,-2.63,2.13,5.79,-1.59
nan,nan,nan,-9.25,-2.85,-2.61,-7.93,11.89,-2.26
nan,nan,nan,-8.99,-2.94,-2.68,-4.51,17.13,-15.73
nan,nan,nan,-9.22,-2.98,-2.86,-11.52,0.18,-7.74
nan,nan,nan,-9.53,-2.66,-2.73,-21.89,19.21,-3.29
nan,nan,nan,-9.25,-2.76,-2.92,-5.98,40.24,-0.85
nan,nan,nan,-8.88,-2.69,-2.75,-20.37,33.84,-18.84
nan,nan,nan,-8.93,-2.48,-2.56,39.76,-8.48,-3.17
nan,nan,nan,-9.09,-3.08,-2.83,43.17,-20.49,2.13
nan,nan,nan,-9.13,-3.07,-2.81,5.24,-6.16,-20.67
nan,nan,nan,-9.25,-2.93,-2.62,-8.84,-5.06,2.62
nan,nan,nan,-9.35,-2.78,-2.72,-8.66,4.76,-10.49
nan,nan,nan,-9.22,-2.82,-2.86,-1.89,8.41,-7.32
nan,nan,nan,-8.97,-2.77,-2.79,5.18,12.93,-2.38
nan,nan,nan,-9.18,-2.87,-2.82,8.05,-0.67,-6.71
nan,nan,nan,-8.87,-3.05,-2.70,-0.18,-24.39,-24.09
nan,nan,nan,-9.47,-2.84,-2.53,-3.17,2.50,-14.02
nan,nan,nan,-9.21,-2.89,-2.69,7.74,1.65,-9.21
nan,nan,nan,-9.15,-3.04,-2.70,3.29,6.04,-16.28
nan,nan,nan,-9.37,-2.93,-2.66,5.12,7.99,-5.43
nan,nan,nan,-9.11,-2.98,-2.82,5.43,20.43,-5.73
nan,nan,nan,-9.17,-2.79,-2.78,6.22,21.71,2.13
nan,nan,nan,-9.15,-2.90,-2.80,11.04,8.11,-5.98
nan,nan,nan,-9.23,-2.98,-2.84,-7.20,8.41,-15.73
nan,nan,nan,-9.13,-2.82,-2.71,9.88,23.17,-10.37
nan,nan,nan,-8.99,-3.14,-2.88,1.77,-0.91,-7.32
nan,nan,nan,-9.18,-2.81,-2.74,-15.79,6.65,-11.40
nan,nan,nan,-9.00,-2.96,-2.78,-2.26,-0.85,4.45
nan,nan,nan,-9.46,-2.91,-2.80,-3.84,-4.02,-22.87
nan,nan,nan,-9.04,-2.94,-2.68,-6.71,13.60,-2.50
nan,nan,nan,-9.13,-2.94,-2.74,-0.61,-11.16,-21.52
nan,nan,nan,-9.20,-3.01,-2.75,6.34,-1.34,9.21
nan,nan,nan,-8.92,-3.22,-2.88,2.56,-10.12,10.55
nan,nan,nan,-9.08,-2.82,-2.82,-17.93,10.67,-11.28
nan,nan,nan,-9.68,-2.99,-2.71,-14.39,22.26,3.11
nan,nan,nan,-8.84,-2.82,-2.73,-1.65,13.54,-7.01
nan,nan,nan,-9.28,-2.96,-2.93,-15.91,7.56,-15.55
nan,nan,nan,-9.03,-2.84,-2.65,-3.17,13.96,-19.21
nan,nan,nan,-9.01,-3.08,-2.85,5.12,0.49,-16.52
nan,nan,nan,-8.82,-2.96,-2.81,-0.73,14.02,-5.18
nan,nan,nan,-8.85,-3.12,-2.78,7.13,-5.18,0.67
nan,nan,nan,-9.51,-3.09,-3.11,9.70,-2.38,-1.89
nan,nan,nan,-8.96,-3.03,-2.79,-2.80,15.37,7.80
nan,nan,nan,-8.91,-2.98,-2.87,-1.95,-15.85,7.62
nan,nan,nan,-9.36,-2.87,-2.72,2.62,-1.28,-7.38
nan,nan,nan,-9.05,-2.94,-2.64,3.41,-11.89,1.16
nan,nan,nan,-9.47,-3.14,-2.91,3.54,-10.98,-6.10
nan,nan,nan,-8.93,-2.91,-2.76,-3.48,-15.00,7.87
nan,nan,nan,-9.26,-2.80,-2.68,3.72,-5.18,-4.39
nan,nan,nan,-9.31,-2.97,-2.65,14.82,11.16,2.68
nan,nan,nan,-8.85,-2.89,-2.76,10.30,7.26,-0.49
nan,nan,nan,-8.55,-3.02,-2.82,5.55,-20.43,8.78
nan,nan,nan,-9.21,-3.04,-2.78,-7.87,-26.40,-10.73
nan,nan,nan,-9.14,-2.80,-2.61,-8.05,-11.16,4.70
nan,nan,nan,-9.25,-2.86,-2.58,5.73,-1.95,-7.80
nan,nan,nan,-9.43,-3.05,-2.63,4.09,32.87,-1.28
nan,nan,nan,-8.84,-3.09,-2.70,12.38,18.78,3.72
nan,nan,nan,-9.05,-3.13,-2.86,1.10,-11.10,-4.45
0.20270720265301675,0.7718359639224648,0.9344406429681523,-9.51,-2.92,-2.68,-8.23,11.52,-11.34
nan,nan,nan,-9.22,-2.95,-2.74,-0.55,11.83,3.11
0.20107726292917907,0.7692393146241315,0.9493852245690478,-9.34,-3.19,-2.95,-11.71,25.98,14.94
0.2005986431474299,0.7691794397956392,0.8549536587877042,-8.85,-2.77,-2.76,-7.93,25.24,21.10
nan,nan,nan,-9.12,-2.80,-2.83,0.85,-9.57,-25.43
nan,nan,nan,-9.27,-2.94,-2.93,-0.61,-13.41,-25.98
nan,nan,nan,-8.91,-3.06,-2.89,24.63,-6.16,5.30
nan,nan,nan,-9.01,-3.10,-2.95,0.61,-27.99,-16.95
nan,nan,nan,-9.09,-2.72,-2.64,10.73,11.40,21.10
nan,nan,nan,-9.16,-3.07,-2.85,11.59,-17.26,5.55
nan,nan,nan,-9.27,-2.85,-2.63,-9.09,-2.26,2.01
nan,nan,nan,-9.22,-2.81,-2.51,8.54,-6.28,-6.71
nan,nan,nan,-9.12,-2.92,-2.81,7.38,-23.48,-32.87
nan,nan,nan,-8.93,-2.81,-2.62,4.82,11.65,-11.52
nan,nan,nan,-9.10,-2.96,-2.71,15.73,-22.80,-12.93
nan,nan,nan,-9.30,-3.28,-2.50,18.60,9.21,32.44
nan,nan,nan,-9.16,-3.11,-2.60,42.62,-12.07,73.05
nan,nan,nan,-9.76,-3.26,-2.82,34.70,-5.43,52.56
nan,nan,nan,-9.19,-2.81,-2.68,16.95,-13.29,53.72
nan,nan,nan,-8.74,-2.83,-2.73,14.02,-29.27,31.46
nan,nan,nan,-9.65,-2.60,-2.47,-19.88,12.87,-6.89
nan,nan,nan,-8.82,-2.64,-2.49,12.68,15.43,12.01
nan,nan,nan,-9.06,-3.01,-2.87,-3.48,-8.48,-30.67
nan,nan,nan,-9.06,-2.60,-2.50,5.98,8.35,6.28
nan,nan,nan,-8.93,-2.86,-2.72,13.78,-4.21,-9.76
nan,nan,nan,-9.72,-2.88,-2.62,-9.27,12.56,-16.34
nan,nan,nan,-8.78,-2.71,-2.50,8.96,4.09,-0.12
nan,nan,nan,-9.29,-2.97,-2.49,-3.17,-2.01,-22.50
nan,nan,nan,-9.32,-2.79,-2.51,-5.73,12.07,-10.18
nan,nan,nan,-9.18,-2.95,-2.57,11.10,9.02,-9.02
nan,nan,nan,-9.17,-2.99,-2.73,-8.23,-5.24,-16.77
nan,nan,nan,-9.22,-2.91,-2.58,-4.27,-23.29,7.62
nan,nan,nan,-8.78,-3.17,-2.57,-17.44,-44.45,9.21
nan,nan,nan,-9.84,-2.71,-2.30,-27.99,8.78,7.87
nan,nan,nan,-9.18,-2.65,-2.40,13.66,29.33,9.15
nan,nan,nan,-9.17,-2.87,-2.71,1.77,27.50,-16.46
0.9010230021928836,0.9023198342317248,0.7582789810691677,-8.93,-2.88,-2.76,16.65,32.38,-11.71
nan,nan,nan,-9.39,-3.03,-2.74,26.52,-15.30,-36.83
nan,nan,nan,-9.02,-2.84,-2.59,26.28,-1.89,-9.39
nan,nan,nan,-9.10,-3.22,-2.57,19.88,-10.49,-8.96
nan,nan,nan,-9.73,-3.09,-2.49,21.22,15.24,2.13
nan,nan,nan,-9.11,-2.98,-2.51,16.40,18.11,7.74
nan,nan,nan,-9.28,-2.98,-2.65,11.22,13.17,-10.24
nan,nan,nan,-9.08,-3.03,-2.59,-3.78,11.46,-1.89
0.21973363878146393,0.7897403376469794,0.9177514308402863,-9.22,-2.83,-2.54,-3.72,2.56,-10.98
nan,nan,nan,-8.89,-2.88,-2.59,4.70,-19.15,-18.72
nan,nan,nan,-9.53,-2.97,-2.61,8.96,-1.52,2.07
nan,nan,nan,-9.07,-2.83,-2.43,14.33,2.13,4.15
nan,nan,nan,-9.29,-3.03,-2.60,7.07,-11.83,-12.99
nan,nan,nan,-9.10,-2.90,-2.47,2.44,-10.98,-9.57
nan,nan,nan,-9.40,-3.04,-2.51,-5.85,0.73,-12.62
nan,nan,nan,-9.08,-2.82,-2.55,-12.50,8.96,-13.54
nan,nan,nan,-9.30,-3.17,-2.48,-18.17,23.90,-22.68
nan,nan,nan,-9.25,-3.05,-2.53,-30.91,20.55,-25.79
nan,nan,nan,-9.44,-2.93,-2.59,-10.49,36.89,-18.17
nan,nan,nan,-9.04,-3.41,-2.81,20.67,-4.21,-10.49
nan,nan,nan,-9.69,-3.26,-2.77,-7.32,9.70,-11.59
nan,nan,nan,-9.16,-2.96,-2.65,2.44,0.85,-11.10
nan,nan,nan,-9.01,-2.99,-2.62,-1.10,-5.91,-12.56
nan,nan,nan,-8.87,-3.14,-2.58,-12.07,-11.83,-16.59
nan,nan,nan,-9.33,-3.32,-2.79,-63.29,-51.52,-27.38
nan,nan,nan,-9.60,-2.57,-2.15,-18.60,43.90,-8.17
nan,nan,nan,-8.73,-2.95,-2.63,42.87,28.84,15.61
nan,nan,nan,-9.14,-3.31,-2.81,18.72,4.15,-4.76
nan,nan,nan,-8.88,-3.13,-2.64,-7.74,-21.89,-2.01
nan,nan,nan,-9.35,-3.05,-2.37,-12.87,-13.35,-0.67
nan,nan,nan,-9.39,-3.19,-2.47,-23.60,7.56,-11.59
nan,nan,nan,-9.35,-3.02,-2.38,-44.33,30.30,-9.76
0.900309838749309,0.905707909644768,0.7342379001823458,-9.22,-3.02,-2.49,-17.44,38.72,12.13
0.8999181149838815,0.9019298474406555,0.720326809208598,-9.44,-3.21,-2.70,-18.96,37.26,-3.96
nan,nan,nan,-8.90,-2.99,-2.72,-9.45,34.02,7.50
nan,nan,nan,-8.88,-2.92,-2.84,4.88,14.27,0.73
nan,nan,nan,-9.02,-2.90,-2.66,0.67,8.23,-1.59
nan,nan,nan,-8.95,-3.12,-2.74,9.45,-12.20,6.04
nan,nan,nan,-9.23,-3.14,-2.58,10.06,-13.60,11.77
nan,nan,nan,-9.35,-2.98,-2.78,20.37,-0.12,-1.52
nan,nan,nan,-9.07,-2.92,-2.61,22.07,9.94,5.61
nan,nan,nan,-9.03,-3.16,-2.67,18.78,3.29,0.06
nan,nan,nan,-9.16,-3.04,-2.74,0.00,4.33,-13.29
nan,nan,nan,-9.07,-2.91,-2.63,-1.59,6.65,-16.04
nan,nan,nan,-9.30,-3.10,-2.65,5.98,3.05,-13.54
nan,nan,nan,-9.08,-3.09,-2.63,-2.62,5.73,-14.21
nan,nan,nan,-9.09,-3.14,-2.75,2.13,-4.63,-9.27
nan,nan,nan,-8.95,-3.18,-2.64,-10.18,-9.57,-8.17
nan,nan,nan,-9.32,-3.12,-2.58,-16.59,-11.16,-10.67
0.19338095321496437,0.7579451052343135,0.9201588545451539,-8.94,-3.03,-2.53,-12.68,-16.46,-0.24
nan,nan,nan,-9.36,-3.12,-2.69,-12.62,-13.90,1.46
nan,nan,nan,-9.19,-2.92,-2.58,-13.78,-1.95,2.93
nan,nan,nan,-9.20,-2.83,-2.48,-4.33,12.13,-12.44
nan,nan,nan,-9.33,-3.09,-2.67,-1.22,19.02,0.79
nan,nan,nan,-9.11,-2.99,-2.71,9.57,19.94,-6.10
nan,nan,nan,-9.18,-3.21,-2.71,4.70,18.17,-0.18
nan,nan,nan,-9.03,-2.94,-2.62,13.29,25.85,-7.38
nan,nan,nan,-9.10,-3.11,-2.68,27.80,13.05,-0.24
nan,nan,nan,-8.97,-3.09,-2.73,20.30,7.80,-0.85
nan,nan,nan,-9.07,-3.18,-2.67,10.85,-4.21,-2.32
nan,nan,nan,-9.10,-2.91,-2.57,18.78,1.65,-7.38
nan,nan,nan,-9.22,-3.25,-2.71,21.40,1.71,-6.22
nan,nan,nan,-8.92,-3.22,-2.55,0.67,-7.26,-6.04
nan,nan,nan,-9.31,-3.21,-2.65,-4.63,-1.77,-8.66
nan,nan,nan,-9.13,-3.11,-2.58,-3.90,-0.98,-1.34
nan,nan,nan,-9.04,-3.05,-2.58,10.91,-2.62,2.07
nan,nan,nan,-9.20,-3.18,-2.74,4.70,-15.55,-0.85
nan,nan,nan,-9.04,-2.94,-2.46,2.13,-2.74,-0.37
nan,nan,nan,-9.16,-3.12,-2.54,11.40,1.89,5.12
nan,nan,nan,-9.10,-3.14,-2.57,0.30,2.93,-2.13
nan,nan,nan,-9.25,-3.01,-2.51,-5.00,9.63,-1.59
nan,nan,nan,-8.98,-3.08,-2.65,-2.13,-0.79,-1.22
nan,nan,nan,-9.28,-3.03,-2.61,0.00,1.95,-6.65
nan,nan,nan,-9.16,-3.10,-2.53,9.33,7.01,-5.06
nan,nan,nan,-9.05,-3.24,-2.53,-0.30,7.26,-9.15
nan,nan,nan,-9.12,-2.97,-2.67,5.61,7.44,-8.35
nan,nan,nan,-9.20,-3.05,-2.63,15.79,11.77,-7.50
nan,nan,nan,-9.13,-3.14,-2.60,14.51,18.23,-5.12
nan,nan,nan,-9.13,-3.31,-2.63,-0.24,17.62,-7.74
nan,nan,nan,-9.30,-3.18,-2.65,-1.95,33.23,-4.57
nan,nan,nan,-9.10,-3.13,-2.59,10.06,38.17,-10.85
nan,nan,nan,-9.31,-3.19,-2.72,2.20,71.95,-14.63
nan,nan,nan,-8.80,-3.13,-2.72,5.67,79.09,-17.80
nan,nan,nan,-8.88,-3.29,-2.92,2.13,41.10,-20.85
nan,nan,nan,-8.82,-3.22,-2.89,-14.33,19.15,1.71
nan,nan,nan,-8.94,-3.10,-2.87,-4.88,-9.21,0.79
nan,nan,nan,-8.99,-3.06,-2.79,7.20,-1.46,5.91
nan,nan,nan,-9.11,-3.25,-2.73,10.49,-3.23,-0.67
nan,nan,nan,-9.08,-3.17,-2.83,-5.43,-3.66,-7.62
nan,nan,nan,-8.99,-3.09,-2.72,0.49,1.71,-9.02
nan,nan,nan,-9.22,-3.24,-2.84,4.76,4.33,-2.74
nan,nan,nan,-8.99,-3.20,-2.77,-3.84,2.62,-8.96
nan,nan,nan,-9.05,-3.23,-2.80,-1.71,-0.55,-8.96
nan,nan,nan,-8.85,-3.13,-2.74,11.04,-12.56,-17.26
nan,nan,nan,-9.26,-3.35,-2.87,12.56,-7.74,-15.00
nan,nan,nan,-9.09,-3.30,-2.77,5.55,3.05,-4.21
nan,nan,nan,-9.04,-3.27,-2.85,-6.46,4.09,-4.94
nan,nan,nan,-8.97,-3.21,-2.71,-9.21,4.39,-10.55
nan,nan,nan,-9.23,-3.32,-2.78,-1.46,4.94,0.49
nan,nan,nan,-9.09,-3.31,-2.75,-7.93,13.05,-4.63
nan,nan,nan,-9.01,-3.25,-2.76,-3.66,11.83,4.70
nan,nan,nan,-9.01,-3.22,-2.87,-3.78,-2.01,-4.63
nan,nan,nan,-9.16,-3.20,-2.79,-9.09,6.40,-13.66
nan,nan,nan,-8.94,-3.22,-2.74,-2.01,5.18,-4.27
nan,nan,nan,-9.11,-3.28,-2.81,-4.02,4.88,-1.10
nan,nan,nan,-9.08,-3.21,-2.76,-0.73,11.04,0.24
nan,nan,nan,-8.93,-3.20,-2.90,-1.10,7.68,-7.87
nan,nan,nan,-9.19,-3.30,-2.76,-3.96,-3.05,-9.94
nan,nan,nan,-9.02,-3.13,-2.82,7.87,9.57,-5.00
nan,nan,nan,-8.91,-3.38,-2.88,7.87,-4.02,-8.05
nan,nan,nan,-8.95,-3.20,-2.72,-0.55,-4.21,-19.02
nan,nan,nan,-9.05,-3.32,-2.80,1.77,-11.04,-3.35
nan,nan,nan,-9.12,-3.34,-2.72,2.20,-1.52,-12.99
nan,nan,nan,-8.99,-3.36,-2.73,-6.95,6.65,-9.76
nan,nan,nan,-9.10,-3.24,-2.72,-1.10,11.77,-12.68
0.9093791180303734,0.8838435842693216,0.8546015630674296,-9.03,-3.41,-2.87,0.12,15.00,-7.26
nan,nan,nan,-8.97,-3.21,-2.86,2.87,16.77,1.65
nan,nan,nan,-8.84,-3.39,-2.92,10.37,10.85,6.34
nan,nan,nan,-8.96,-3.41,-2.93,-8.60,-4.51,0.98
nan,nan,nan,-9.04,-3.11,-2.70,-4.94,-1.34,-9.27
nan,nan,nan,-9.14,-3.22,-2.74,12.07,7.99,-3.66
nan,nan,nan,-8.98,-3.42,-2.89,7.74,11.22,-5.49
nan,nan,nan,-8.95,-3.35,-2.89,-2.93,8.84,1.52
nan,nan,nan,-9.08,-3.37,-2.87,-3.90,6.71,1.89
nan,nan,nan,-8.91,-3.17,-2.76,-1.04,3.54,-5.49
nan,nan,nan,-9.08,-3.24,-2.89,3.66,-4.45,-1.04
nan,nan,nan,-9.03,-3.26,-2.74,-0.37,0.12,-7.01
nan,nan,nan,-9.05,-3.26,-2.67,4.70,3.72,-7.44
nan,nan,nan,-8.98,-3.37,-2.81,8.60,3.60,-9.21
nan,nan,nan,-9.01,-3.44,-2.75,3.60,-1.95,-11.65
nan,nan,nan,-8.99,-3.35,-2.68,5.55,10.24,-3.78
nan,nan,nan,-8.99,-3.43,-2.82,3.96,8.17,1.04
nan,nan,nan,-8.91,-3.40,-2.75,-2.74,7.80,-2.62
nan,nan,nan,-9.15,-3.32,-2.81,7.32,5.73,-1.04
nan,nan,nan,-8.90,-3.37,-2.95,8.78,9.76,8.72
nan,nan,nan,-8.88,-3.43,-2.95,1.34,1.22,-1.95
nan,nan,nan,-9.04,-3.36,-2.87,-7.62,-8.60,-1.34
nan,nan,nan,-9.12,-3.17,-2.72,-1.83,3.29,-3.35
nan,nan,nan,-8.91,-3.27,-2.86,11.28,9.02,-5.73
nan,nan,nan,-8.85,-3.42,-2.87,-3.35,5.37,-5.61
nan,nan,nan,-9.06,-3.35,-2.82,-4.09,1.95,-0.61
nan,nan,nan,-9.05,-3.29,-2.86,6.22,8.05,7.93
nan,nan,nan,-8.89,-3.30,-2.83,2.44,0.79,-7.26
nan,nan,nan,-9.08,-3.25,-2.76,-4.33,-1.52,-7.62
nan,nan,nan,-9.10,-3.18,-2.72,7.13,8.11,-13.17
nan,nan,nan,-8.95,-3.42,-2.80,5.67,10.73,-11.46
nan,nan,nan,-9.05,-3.40,-2.79,3.48,11.10,-16.77
nan,nan,nan,-9.00,-3.50,-2.88,5.43,8.17,-11.46
nan,nan,nan,-8.95,-3.60,-2.93,-8.78,6.77,-2.62
nan,nan,nan,-9.00,-3.28,-2.86,-5.91,5.37,-12.56
nan,nan,nan,-8.95,-3.35,-2.85,3.90,4.02,1.52
nan,nan,nan,-9.01,-3.48,-2.83,-0.24,2.07,-4.51
nan,nan,nan,-9.00,-3.32,-2.77,-0.85,6.89,-4.82
nan,nan,nan,-9.04,-3.40,-2.88,9.63,6.52,-5.67
nan,nan,nan,-8.93,-3.47,-2.91,1.34,-1.83,-2.68
0.9239931251441843,0.7664539149904624,0.7544581104940681,-9.15,-3.44,-2.83,-10.55,-7.80,-9.21
nan,nan,nan,-8.97,-3.38,-2.81,-8.29,5.18,-0.85
nan,nan,nan,-8.87,-3.45,-2.79,1.95,5.24,-0.06
nan,nan,nan,-8.92,-3.50,-2.82,-8.90,3.35,8.66
nan,nan,nan,-9.02,-3.21,-2.78,-9.21,-4.21,-1.16
nan,nan,nan,-9.00,-3.42,-2.87,-14.02,3.90,-3.54
nan,nan,nan,-8.99,-3.22,-2.71,-19.45,12.07,3.05
nan,nan,nan,-8.94,-3.31,-2.85,-5.24,1.22,-0.37
nan,nan,nan,-8.99,-3.38,-2.86,-3.54,-2.62,-7.74
nan,nan,nan,-9.07,-3.29,-2.75,-2.68,6.77,-9.57
nan,nan,nan,-9.06,-3.36,-2.84,5.12,10.55,7.93
nan,nan,nan,-9.06,-3.44,-2.91,2.87,15.24,2.44
nan,nan,nan,-8.94,-3.30,-2.82,-3.96,7.38,-0.73
nan,nan,nan,-9.05,-3.39,-2.94,4.57,10.49,-7.01
nan,nan,nan,-8.92,-3.42,-2.87,9.39,9.76,-11.89
nan,nan,nan,-8.98,-3.43,-2.92,9.76,6.59,-12.01
nan,nan,nan,-8.83,-3.38,-2.84,7.26,2.13,-2.68
nan,nan,nan,-9.00,-3.48,-2.93,9.09,-1.95,-7.80
nan,nan,nan,-9.05,-3.43,-2.76,-1.95,-12.26,-3.78
nan,nan,nan,-9.10,-3.34,-2.79,4.21,5.61,-9.82
nan,nan,nan,-8.90,-3.44,-2.82,4.09,7.74,3.23
nan,nan,nan,-8.98,-3.44,-2.87,-4.94,1.52,-17.13
nan,nan,nan,-9.15,-3.40,-2.78,-20.06,17.07,-26.83
nan,nan,nan,-8.94,-3.31,-2.80,-13.29,21.28,-12.20
nan,nan,nan,-8.96,-3.49,-2.89,-15.85,13.54,-40.79
nan,nan,nan,-9.19,-3.21,-2.77,-5.12,39.51,-47.74
0.8882838614046248,0.5490468941364737,0.8148873652006619,-9.19,-3.46,-2.94,3.54,76.40,-42.26
nan,nan,nan,-8.53,-3.43,-2.92,3.35,80.24,-39.02
nan,nan,nan,-8.45,-3.66,-3.00,9.15,40.18,-32.13
nan,nan,nan,-8.39,-3.70,-3.14,8.66,-26.22,-20.79
nan,nan,nan,-9.01,-3.65,-3.16,18.11,-51.95,-4.15
nan,nan,nan,-9.31,-3.95,-2.99,19.02,-0.12,20.24
nan,nan,nan,-9.05,-3.82,-3.03,11.16,13.84,37.32
nan,nan,nan,-8.94,-3.55,-2.90,0.12,30.00,29.02
nan,nan,nan,-8.62,-3.32,-3.07,-8.48,9.76,5.00
nan,nan,nan,-8.70,-3.26,-2.93,-3.72,5.30,5.18
nan,nan,nan,-8.95,-3.53,-2.98,15.06,-2.13,18.41
nan,nan,nan,-8.73,-3.70,-3.10,7.80,-11.40,-11.83
0.2049068606815387,0.7726949691137527,0.8366753659100945,-8.99,-3.64,-3.04,-5.24,-14.70,-7.74
0.9217709186249476,0.6955443592915969,0.9454683091097544,-8.94,-3.50,-2.90,9.51,-2.56,1.46
nan,nan,nan,-8.85,-3.74,-2.91,-0.67,-17.44,2.80
nan,nan,nan,-8.96,-3.58,-2.80,-11.83,-28.17,2.93
nan,nan,nan,-9.06,-3.22,-2.83,-3.78,5.18,12.20
nan,nan,nan,-9.06,-3.39,-2.81,1.89,14.94,0.85
nan,nan,nan,-8.86,-3.50,-2.95,-11.52,26.77,-14.21
0.9177149377280674,0.8773815397294574,0.8821945724746594,-8.91,-3.36,-2.96,-5.79,28.84,-8.60
nan,nan,nan,-8.81,-3.56,-3.07,14.51,19.45,-2.80
nan,nan,nan,-8.56,-3.70,-3.17,3.90,-11.83,-5.12
nan,nan,nan,-8.85,-3.54,-2.96,-5.55,-18.17,0.18
nan,nan,nan,-8.90,-3.61,-3.03,-2.99,-22.07,4.88
nan,nan,nan,-8.93,-3.47,-2.93,-6.10,-21.65,-4.45
nan,nan,nan,-9.13,-3.53,-2.85,-7.07,-8.35,-2.68
nan,nan,nan,-9.03,-3.55,-2.75,3.72,-4.39,2.80
nan,nan,nan,-8.99,-3.60,-2.91,3.84,9.63,4.82
nan,nan,nan,-8.85,-3.49,-2.85,-4.88,8.54,1.10
nan,nan,nan,-8.81,-3.49,-2.80,-3.78,4.88,-5.85
nan,nan,nan,-8.83,-3.52,-3.05,-5.18,-6.52,-10.67
nan,nan,nan,-8.81,-3.59,-2.96,-9.76,-19.57,-23.48
nan,nan,nan,-8.84,-3.53,-2.86,-25.61,-30.06,-23.54
nan,nan,nan,-9.02,-3.33,-2.61,-9.09,-12.87,-23.60
nan,nan,nan,-9.00,-3.61,-2.78,17.44,-4.45,1.22
nan,nan,nan,-8.97,-3.74,-2.85,8.41,0.24,5.55
nan,nan,nan,-9.13,-3.50,-2.76,9.51,4.82,-1.89
0.9338956497839902,0.6958132785812705,0.8663794083712192,-8.93,-3.54,-2.88,10.91,13.05,1.77
0.9021957809703646,0.8955216913489189,0.7451082124403359,-8.84,-3.60,-2.88,6.28,9.63,-3.23
nan,nan,nan,-8.88,-3.54,-2.94,-1.10,5.43,-12.38
nan,nan,nan,-8.92,-3.44,-2.73,3.90,2.87,-13.48
nan,nan,nan,-8.91,-3.68,-2.87,17.56,6.83,-6.95
nan,nan,nan,-8.90,-3.74,-2.83,11.16,1.71,-12.50
nan,nan,nan,-8.93,-3.68,-2.82,4.02,0.55,-10.06
nan,nan,nan,-8.99,-3.73,-2.76,-1.71,5.37,-11.77
nan,nan,nan,-8.91,-3.63,-2.72,-1.28,3.35,-6.89
nan,nan,nan,-8.89,-3.73,-2.90,-8.23,5.00,0.67
nan,nan,nan,-8.90,-3.60,-2.83,-9.70,4.45,0.67
nan,nan,nan,-8.98,-3.62,-2.74,-2.80,11.89,9.57
nan,nan,nan,-8.88,-3.55,-2.89,10.73,12.74,5.24
nan,nan,nan,-8.87,-3.65,-3.01,8.11,12.01,1.71
nan,nan,nan,-8.75,-3.68,-2.92,-6.65,6.28,-7.38
nan,nan,nan,-8.86,-3.63,-2.95,-11.46,-6.83,-8.72
nan,nan,nan,-8.93,-3.53,-2.78,-5.30,-0.30,-9.21
nan,nan,nan,-8.87,-3.57,-2.79,3.17,3.66,-3.54
nan,nan,nan,-8.91,-3.69,-2.81,7.87,0.91,4.82
nan,nan,nan,-8.87,-3.79,-2.90,-1.71,-4.21,17.44
nan,nan,nan,-8.87,-3.48,-2.91,-8.72,-4.39,-0.24
0.9156305215112287,0.7966908283394983,0.99,-8.76,-3.30,-2.71,-3.72,1.89,-16.89
nan,nan,nan,-9.02,-3.59,-2.78,8.29,1.40,-13.11
nan,nan,nan,-8.99,-3.72,-2.82,4.27,14.27,-26.16
nan,nan,nan,-8.83,-3.56,-2.71,-0.43,22.99,-17.74
nan,nan,nan,-8.90,-3.81,-2.89,5.00,20.06,-8.48
nan,nan,nan,-8.86,-3.80,-2.94,-5.00,16.77,10.24
nan,nan,nan,-8.77,-3.63,-2.89,-2.74,1.89,5.00
nan,nan,nan,-8.91,-3.58,-2.97,-8.41,3.29,-16.34
nan,nan,nan,-8.91,-3.59,-2.76,1.46,5.91,-9.82
nan,nan,nan,-8.79,-3.71,-2.93,18.66,4.27,-1.28
nan,nan,nan,-8.80,-3.83,-3.02,7.74,-6.52,-5.73
nan,nan,nan,-8.97,-3.78,-2.83,0.43,-4.09,-8.11
0.8927261308145965,0.8931851257852849,0.747586594785668,-8.83,-3.72,-2.84,7.56,0.00,-5.61
nan,nan,nan,-8.98,-3.87,-2.97,-3.11,-2.38,-14.15
nan,nan,nan,-8.96,-3.56,-2.73,-5.61,9.39,-13.05
nan,nan,nan,-8.86,-3.72,-2.89,-2.62,7.68,6.83
nan,nan,nan,-8.88,-3.76,-2.88,-8.35,2.50,5.79
nan,nan,nan,-8.82,-3.59,-2.93,-9.27,8.29,2.56
nan,nan,nan,-8.80,-3.67,-2.78,-1.22,2.13,7.87
nan,nan,nan,-8.93,-3.70,-2.90,-1.28,0.18,1.52
nan,nan,nan,-8.86,-3.70,-2.92,-10.79,0.49,4.21
nan,nan,nan,-8.96,-3.63,-2.77,-12.99,4.76,-0.98
nan,nan,nan,-8.92,-3.49,-2.81,6.04,1.89,-5.79
nan,nan,nan,-8.96,-3.77,-2.99,4.33,10.79,-3.54
nan,nan,nan,-8.65,-3.72,-2.92,-8.23,9.09,-9.33
nan,nan,nan,-8.84,-3.66,-2.85,3.48,0.91,-12.20
nan,nan,nan,-8.81,-3.69,-2.93,5.79,-0.49,-7.07
nan,nan,nan,-8.92,-3.74,-2.85,1.89,0.37,-8.05
nan,nan,nan,-8.87,-3.69,-2.91,2.50,3.96,-6.46
nan,nan,nan,-8.85,-3.66,-2.83,1.46,3.90,-9.94
nan,nan,nan,-8.94,-3.73,-2.89,2.44,8.60,-4.70
nan,nan,nan,-8.83,-3.73,-2.77,6.28,4.76,-0.61
0.8889268016700574,0.8961721958701456,0.8261252732438907,-8.86,-3.70,-2.78,3.78,0.98,-8.41
nan,nan,nan,-8.85,-3.74,-2.90,1.65,-0.24,-5.98
nan,nan,nan,-8.89,-3.67,-2.86,8.90,2.07,-4.02
nan,nan,nan,-8.93,-3.78,-2.83,3.96,6.22,5.79
nan,nan,nan,-8.87,-3.72,-2.94,-2.68,2.87,2.07
nan,nan,nan,-8.85,-3.59,-2.80,-3.35,4.45,0.73
nan,nan,nan,-8.90,-3.65,-2.80,2.87,11.10,5.24
nan,nan,nan,-8.83,-3.78,-2.90,0.12,11.28,3.66
0.852276392368303,0.9199126324013219,0.7426736522382763,-8.80,-3.60,-2.77,-1.89,3.54,-4.63
nan,nan,nan,-8.88,-3.62,-2.85,2.99,7.13,-2.07
nan,nan,nan,-8.80,-3.72,-2.97,6.65,10.49,-2.62
nan,nan,nan,-8.94,-3.80,-2.97,3.72,2.26,-6.28
nan,nan,nan,-8.89,-3.70,-2.92,0.91,6.28,-2.93
nan,nan,nan,-8.88,-3.71,-2.83,7.07,11.28,-4.82
nan,nan,nan,-8.86,-3.72,-2.86,10.79,7.62,-4.15
nan,nan,nan,-8.80,-3.80,-2.99,9.51,5.91,-5.85
nan,nan,nan,-8.81,-3.76,-2.89,1.46,2.74,-4.15
nan,nan,nan,-8.83,-3.61,-2.79,4.51,8.41,-1.46
nan,nan,nan,-8.85,-3.71,-2.91,10.30,5.79,-4.09
nan,nan,nan,-8.92,-3.80,-2.84,6.40,4.76,-4.76
nan,nan,nan,-8.82,-3.73,-2.90,5.73,5.12,-1.16
nan,nan,nan,-8.81,-3.77,-2.82,2.07,5.37,-0.79
nan,nan,nan,-8.88,-3.67,-2.92,3.35,7.13,-5.79
nan,nan,nan,-8.84,-3.77,-2.81,6.77,11.52,-2.26
nan,nan,nan,-8.79,-3.79,-2.93,6.52,2.07,-0.61
nan,nan,nan,-8.93,-3.83,-2.91,-4.15,1.52,2.44
nan,nan,nan,-8.82,-3.66,-2.90,-4.09,4.70,5.98
nan,nan,nan,-8.83,-3.71,-2.87,2.44,3.90,-2.56
nan,nan,nan,-8.85,-3.73,-2.87,3.11,8.41,-4.94
nan,nan,nan,-8.85,-3.67,-2.88,0.30,9.63,-4.02
nan,nan,nan,-8.87,-3.80,-2.96,7.01,13.90,0.06
nan,nan,nan,-8.70,-3.81,-3.03,5.00,6.22,-6.95
nan,nan,nan,-8.86,-3.79,-3.02,-5.37,2.68,-3.23
nan,nan,nan,-8.80,-3.70,-2.88,-3.54,6.52,-1.46
nan,nan,nan,-8.82,-3.58,-2.98,13.05,6.34,-5.37
nan,nan,nan,-8.74,-3.82,-3.01,9.33,2.99,-9.21
nan,nan,nan,-8.89,-3.76,-2.81,5.18,3.66,-12.56
nan,nan,nan,-8.84,-3.87,-2.97,4.70,10.06,-4.76
nan,nan,nan,-8.75,-3.85,-2.95,-2.44,4.88,-4.76
nan,nan,nan,-8.85,-3.77,-2.83,-0.91,2.68,-5.98
nan,nan,nan,-8.77,-3.85,-2.98,0.43,3.05,-1.59
nan,nan,nan,-8.83,-3.78,-2.90,-6.71,10.06,-10.06
nan,nan,nan,-8.93,-3.72,-2.85,-3.41,21.04,-8.23
nan,nan,nan,-8.74,-3.71,-2.98,5.55,17.50,-2.38
nan,nan,nan,-8.67,-3.86,-2.99,-1.34,8.11,-5.85
nan,nan,nan,-8.77,-3.83,-2.93,-11.71,2.20,-6.22
nan,nan,nan,-8.92,-3.71,-2.86,-1.77,13.66,-0.37
nan,nan,nan,-8.75,-3.81,-2.93,2.87,5.61,4.21
nan,nan,nan,-8.81,-3.73,-2.98,-1.40,3.17,-4.82
nan,nan,nan,-8.68,-3.77,-2.93,-18.23,-6.04,-2.62
nan,nan,nan,-8.97,-3.59,-2.89,-7.01,10.98,-14.02
nan,nan,nan,-8.75,-3.71,-2.92,10.61,9.63,-5.06
nan,nan,nan,-8.89,-3.99,-3.07,-0.06,12.68,-8.05
nan,nan,nan,-8.71,-3.79,-2.88,1.52,10.06,-13.35
nan,nan,nan,-8.77,-3.94,-3.04,5.00,3.05,-5.18
nan,nan,nan,-8.73,-3.95,-2.96,-2.44,3.17,-6.46
nan,nan,nan,-8.73,-3.81,-2.95,-3.66,-3.72,-4.33
nan,nan,nan,-8.84,-3.76,-2.84,-2.68,0.91,-6.59
nan,nan,nan,-8.80,-3.78,-2.91,8.11,7.80,-11.34
nan,nan,nan,-8.61,-3.86,-3.00,11.16,4.57,-3.17
nan,nan,nan,-8.45,-3.86,-3.00,4.27,-22.80,-5.61
nan,nan,nan,-9.05,-3.83,-3.12,-8.60,-23.54,-14.82
nan,nan,nan,-8.83,-3.50,-2.65,1.95,-5.67,-18.17
nan,nan,nan,-9.13,-4.01,-2.87,28.54,9.45,-5.00
nan,nan,nan,-8.42,-3.83,-2.93,13.05,13.41,-3.29
nan,nan,nan,-8.86,-4.14,-2.94,-11.04,14.15,-2.32
nan,nan,nan,-8.60,-3.77,-2.88,-6.16,6.89,4.76
nan,nan,nan,-8.91,-3.67,-2.84,-8.96,1.34,-3.11
nan,nan,nan,-8.75,-3.67,-2.86,-5.67,-0.24,-5.67
nan,nan,nan,-8.89,-3.76,-2.86,9.51,15.55,-11.10
nan,nan,nan,-8.65,-4.01,-2.96,9.94,13.17,-1.34
nan,nan,nan,-8.83,-3.97,-3.06,4.63,12.38,-7.26
nan,nan,nan,-8.59,-3.99,-2.89,-4.45,2.50,-0.06
nan,nan,nan,-8.74,-3.90,-2.91,-3.78,-4.02,-13.29
nan,nan,nan,-8.80,-3.87,-2.79,-0.85,7.07,-5.98
nan,nan,nan,-8.79,-3.96,-2.87,3.84,3.96,-4.21
nan,nan,nan,-8.72,-3.89,-2.92,0.24,7.62,-11.59
nan,nan,nan,-8.74,-3.93,-3.00,0.55,8.41,-11.04
nan,nan,nan,-8.74,-3.92,-2.91,7.80,8.96,-10.18
nan,nan,nan,-8.68,-3.96,-2.91,17.07,5.00,-2.07
nan,nan,nan,-8.67,-4.07,-3.05,9.27,-0.98,-0.18
nan,nan,nan,-8.76,-3.89,-2.95,-3.17,1.65,0.85
nan,nan,nan,-8.66,-3.87,-2.99,-2.44,-3.90,7.74
nan,nan,nan,-8.78,-3.86,-3.04,-6.40,-10.18,5.00
nan,nan,nan,-8.83,-3.82,-2.87,-8.29,1.52,2.07
nan,nan,nan,-8.84,-3.74,-2.88,1.71,6.77,-4.76
nan,nan,nan,-8.67,-3.87,-2.91,6.46,9.76,-5.24
nan,nan,nan,-8.76,-3.92,-2.98,2.26,5.24,8.29
nan,nan,nan,-8.70,-3.83,-2.95,5.61,3.84,13.41
nan,nan,nan,-8.69,-3.84,-2.97,1.83,-2.87,-6.04
nan,nan,nan,-8.97,-3.86,-2.86,-9.88,-4.15,-25.98
nan,nan,nan,-8.95,-3.82,-2.74,2.38,7.93,-9.21
nan,nan,nan,-8.69,-4.04,-2.90,7.74,9.76,-5.73
nan,nan,nan,-8.69,-4.15,-3.01,-6.65,3.29,-9.70
nan,nan,nan,-8.76,-4.06,-2.79,-17.80,9.27,-5.91
nan,nan,nan,-8.70,-3.94,-2.93,-13.84,6.65,-7.68
nan,nan,nan,-8.79,-3.92,-2.95,-11.10,6.52,-8.17
nan,nan,nan,-8.65,-4.01,-3.05,-7.99,4.94,4.63
nan,nan,nan,-8.66,-3.93,-3.00,-4.09,-1.52,4.33
nan,nan,nan,-8.73,-3.81,-2.97,2.20,-5.73,-3.17
nan,nan,nan,-8.81,-3.95,-3.01,9.02,-7.80,2.20
nan,nan,nan,-8.84,-4.00,-2.93,5.61,-1.89,5.43
nan,nan,nan,-8.74,-3.90,-2.90,0.24,-5.49,6.77
nan,nan,nan,-8.94,-3.90,-2.92,-5.91,-7.62,-1.22
nan,nan,nan,-8.80,-3.85,-2.80,-9.57,8.41,5.18
nan,nan,nan,-8.66,-3.78,-2.88,-3.54,6.77,2.20
nan,nan,nan,-8.72,-3.82,-3.00,-9.94,3.78,-4.27
nan,nan,nan,-8.77,-3.80,-2.83,-10.18,1.40,-1.04
nan,nan,nan,-8.81,-3.82,-2.94,1.10,5.43,-0.98
nan,nan,nan,-8.75,-3.92,-2.88,6.40,-0.55,-4.51
nan,nan,nan,-8.79,-3.86,-2.80,-0.37,3.78,-9.57
nan,nan,nan,-8.68,-3.93,-2.86,-2.56,5.61,-8.78
nan,nan,nan,-8.68,-3.94,-2.79,-1.52,2.20,-12.20
nan,nan,nan,-8.83,-3.94,-2.83,-6.34,8.78,-6.95
nan,nan,nan,-8.76,-3.89,-2.92,-4.39,8.23,-7.93
nan,nan,nan,-8.73,-3.97,-2.97,-9.21,2.20,-10.85
nan,nan,nan,-8.83,-3.97,-2.96,-3.35,5.24,-11.22
nan,nan,nan,-8.67,-3.88,-2.94,9.88,3.60,-11.16
nan,nan,nan,-8.69,-4.09,-3.03,8.66,4.02,-6.71
nan,nan,nan,-8.77,-4.00,-2.96,6.04,4.45,-9.02
nan,nan,nan,-8.79,-4.02,-2.99,8.05,3.48,-4.76
nan,nan,nan,-8.69,-4.00,-2.93,3.05,-2.80,-3.48
nan,nan,nan,-8.75,-4.01,-2.85,-1.77,-3.96,-6.04
nan,nan,nan,-8.69,-3.91,-2.85,2.32,5.24,-0.37
nan,nan,nan,-8.71,-3.97,-2.84,8.29,4.82,6.34
nan,nan,nan,-8.68,-3.99,-2.95,1.40,-0.73,5.24
nan,nan,nan,-8.82,-3.86,-2.88,-3.11,4.09,-0.24
0.9309657826108492,0.9156120010037777,0.9127329716436047,-8.73,-3.85,-2.95,4.45,11.77,-0.79
nan,nan,nan,-8.75,-4.00,-2.95,3.78,1.28,-10.37
nan,nan,nan,-8.82,-3.95,-2.84,1.16,7.74,-6.71
nan,nan,nan,-8.63,-3.95,-2.86,6.52,10.73,-3.41
nan,nan,nan,-8.55,-3.94,-2.93,3.66,8.90,-5.98
nan,nan,nan,-8.83,-4.05,-2.90,5.12,2.93,-4.21
nan,nan,nan,-8.76,-3.96,-2.88,3.29,12.26,-0.18
nan,nan,nan,-8.73,-4.10,-2.93,0.79,11.10,-3.48
nan,nan,nan,-8.63,-4.03,-2.96,3.90,4.45,-2.80
0.913630718722167,0.8802873598437986,0.8813040256500244,-8.61,-3.96,-2.91,6.77,4.02,-8.60
nan,nan,nan,-8.74,-4.06,-2.89,13.17,4.09,-14.27
nan,nan,nan,-8.65,-4.08,-2.98,5.79,13.48,-4.76
nan,nan,nan,-8.62,-4.14,-2.95,3.23,1.40,-2.44
nan,nan,nan,-8.69,-4.10,-2.95,-5.06,-9.57,-6.34
nan,nan,nan,-8.79,-3.93,-2.87,-9.27,-0.85,0.06
nan,nan,nan,-8.81,-3.97,-2.85,8.60,9.33,-2.26
nan,nan,nan,-8.63,-4.04,-2.97,4.21,10.49,0.30
nan,nan,nan,-8.72,-4.00,-2.86,-0.24,9.57,-3.23
nan,nan,nan,-8.83,-3.98,-2.93,-2.93,15.24,1.65
nan,nan,nan,-8.50,-3.93,-2.92,-1.40,8.78,-3.60
nan,nan,nan,-8.72,-4.03,-3.05,-2.99,5.18,-3.05
0.07907937634628626,0.44844868617149236,0.7480680983062273,-8.72,-4.02,-2.96,-3.05,6.22,-7.38
nan,nan,nan,-8.60,-3.99,-2.89,-2.32,8.72,-7.38
nan,nan,nan,-8.73,-4.01,-2.83,0.61,6.71,-6.28
nan,nan,nan,-8.73,-4.14,-3.01,-0.37,11.95,-1.16
nan,nan,nan,-8.78,-4.05,-2.91,3.23,13.72,-2.62
nan,nan,nan,-8.67,-4.08,-3.01,0.43,7.38,-2.87
nan,nan,nan,-8.70,-4.09,-3.07,-5.30,4.39,-3.23
nan,nan,nan,-8.75,-3.98,-2.89,1.71,6.28,-7.99
nan,nan,nan,-8.72,-4.07,-2.98,-0.43,11.65,-1.65
nan,nan,nan,-8.58,-4.01,-3.02,2.26,8.41,-5.67
nan,nan,nan,-8.65,-4.08,-3.04,0.61,2.50,-2.56
nan,nan,nan,-8.66,-4.02,-2.94,-2.01,-0.43,-4.02
nan,nan,nan,-8.67,-4.05,-2.92,-3.29,5.30,-3.54
nan,nan,nan,-8.69,-4.08,-2.88,-1.22,6.83,0.85
nan,nan,nan,-8.73,-4.04,-2.95,-0.67,5.61,-0.61
nan,nan,nan,-8.59,-4.09,-2.99,-9.57,0.73,3.60
nan,nan,nan,-8.73,-4.05,-3.04,-11.52,6.04,-0.67
nan,nan,nan,-8.77,-4.01,-3.01,-4.94,6.46,-4.21
nan,nan,nan,-8.72,-4.03,-3.06,-0.24,7.01,-1.52
nan,nan,nan,-8.58,-4.07,-2.92,2.26,10.55,-5.06
nan,nan,nan,-8.69,-4.01,-3.02,5.61,7.38,-8.41
nan,nan,nan,-8.55,-4.03,-3.00,2.99,9.82,-6.65
nan,nan,nan,-8.70,-4.07,-2.98,3.66,1.59,-7.62
nan,nan,nan,-8.70,-4.11,-3.04,-1.89,5.79,-2.01
nan,nan,nan,-8.66,-4.04,-2.98,2.26,7.13,-5.67
nan,nan,nan,-8.71,-4.10,-3.00,4.09,6.77,-2.20
nan,nan,nan,-8.58,-4.10,-2.95,-3.35,5.24,-4.45
nan,nan,nan,-8.71,-4.05,-2.93,-2.62,5.55,-6.46
nan,nan,nan,-8.69,-4.02,-3.04,5.18,5.98,-2.62
nan,nan,nan,-8.68,-4.11,-3.11,-3.48,1.40,0.67
nan,nan,nan,-8.72,-4.07,-2.98,-15.85,6.46,-2.38
nan,nan,nan,-8.62,-3.97,-2.89,-5.67,0.67,-5.85
nan,nan,nan,-8.62,-4.03,-2.96,-3.48,2.38,-4.09
nan,nan,nan,-8.62,-3.90,-2.97,-0.06,-0.12,-2.32
nan,nan,nan,-8.72,-4.00,-2.98,6.77,-2.26,4.57
nan,nan,nan,-8.59,-4.03,-3.02,2.01,5.67,-0.49
nan,nan,nan,-8.70,-4.02,-3.06,2.01,-4.88,-9.63
nan,nan,nan,-8.68,-4.00,-3.00,0.67,0.00,-4.09
0.9053889833151612,0.8756981738026741,0.7392399272003606,-8.63,-4.05,-2.82,2.99,1.22,-10.55
nan,nan,nan,-8.67,-4.12,-2.95,0.49,6.22,-5.30
nan,nan,nan,-8.64,-4.12,-2.87,1.71,8.17,-2.99
0.830223004012594,0.9144513315334392,0.7525714646906381,-8.61,-4.15,-2.93,1.65,2.99,3.23
nan,nan,nan,-8.67,-4.09,-3.02,-3.96,2.68,0.79
nan,nan,nan,-8.58,-4.07,-3.00,-3.05,-1.34,0.00
nan,nan,nan,-8.72,-4.06,-2.98,4.45,0.79,-0.06
nan,nan,nan,-8.70,-4.07,-3.03,13.84,-1.22,6.65
nan,nan,nan,-8.65,-4.18,-3.02,6.65,5.06,5.00
nan,nan,nan,-8.58,-4.05,-3.06,5.73,1.28,-1.52
nan,nan,nan,-8.59,-4.08,-2.99,3.29,-7.56,-3.29
nan,nan,nan,-8.74,-4.13,-3.05,-6.52,-11.10,-1.16
nan,nan,nan,-8.56,-3.99,-2.88,-7.13,1.83,2.07
nan,nan,nan,-8.64,-4.06,-2.96,-5.18,0.30,-2.87
nan,nan,nan,-8.65,-4.01,-2.89,-10.73,6.10,-0.55
nan,nan,nan,-8.68,-3.95,-2.97,-4.33,3.72,7.87
nan,nan,nan,-8.60,-3.95,-2.99,-2.13,4.82,2.32
nan,nan,nan,-8.82,-4.00,-3.06,-0.24,-0.30,-6.71
nan,nan,nan,-8.67,-4.02,-2.93,-1.77,0.61,-4.09
nan,nan,nan,-8.69,-4.14,-2.97,0.85,0.18,-8.48
nan,nan,nan,-8.63,-4.03,-2.91,-4.88,3.96,-2.50
nan,nan,nan,-8.76,-4.08,-2.86,5.73,2.56,-5.79
nan,nan,nan,-8.71,-4.14,-3.01,-3.05,8.54,-6.28
nan,nan,nan,-8.67,-4.10,-2.97,-1.28,7.32,-5.73
nan,nan,nan,-8.74,-4.05,-3.04,5.61,14.51,-8.11
nan,nan,nan,-8.56,-4.10,-2.96,10.24,6.89,-2.99
nan,nan,nan,-8.63,-4.16,-2.99,0.12,-0.37,-10.18
nan,nan,nan,-8.56,-4.06,-2.93,-9.02,0.43,-4.57
nan,nan,nan,-8.72,-4.06,-2.96,9.88,2.50,-3.11
nan,nan,nan,-8.66,-4.12,-3.00,4.02,-1.34,0.00
0.8951653724422713,0.9057430339574086,0.7288693572539195,-8.76,-4.04,-2.93,-1.71,8.72,-10.85
nan,nan,nan,-8.57,-4.03,-2.85,1.16,11.77,0.73
nan,nan,nan,-8.69,-4.13,-3.00,6.28,7.56,-5.24
nan,nan,nan,-8.66,-4.19,-2.97,-5.61,7.68,-0.37
nan,nan,nan,-8.68,-4.07,-2.86,-14.09,6.95,-2.50
nan,nan,nan,-8.58,-3.93,-2.85,-1.28,14.09,-1.04
nan,nan,nan,-8.65,-4.14,-2.99,-0.12,4.57,-0.06
nan,nan,nan,-8.68,-4.09,-3.02,-3.96,9.27,-9.45
nan,nan,nan,-8.65,-4.04,-2.99,1.59,10.67,-9.09
nan,nan,nan,-8.60,-4.15,-3.09,5.06,5.98,-6.34
nan,nan,nan,-8.58,-4.14,-2.96,4.82,3.54,-8.05
nan,nan,nan,-8.73,-4.19,-3.00,3.78,0.43,-4.21
nan,nan,nan,-8.50,-4.02,-2.98,3.35,2.99,-13.35
nan,nan,nan,-8.45,-4.18,-2.93,1.22,2.87,-17.32
nan,nan,nan,-8.52,-4.12,-2.94,7.68,4.39,-21.46
nan,nan,nan,-8.66,-4.22,-3.05,8.54,9.63,-12.80
nan,nan,nan,-8.63,-4.23,-3.05,0.24,5.12,-2.07
nan,nan,nan,-8.66,-4.15,-2.98,-2.20,1.28,0.91
nan,nan,nan,-8.63,-4.15,-3.00,4.70,-8.48,1.46
nan,nan,nan,-8.69,-4.12,-3.03,-5.55,-5.98,5.43
nan,nan,nan,-8.69,-4.02,-2.82,-6.10,4.09,-2.44
nan,nan,nan,-8.62,-3.99,-2.86,5.43,10.98,0.00
nan,nan,nan,-8.66,-4.16,-3.00,3.23,9.39,-6.65
nan,nan,nan,-8.54,-4.14,-2.99,-3.23,4.21,-2.80
nan,nan,nan,-8.57,-4.20,-3.01,1.10,8.23,-1.65
nan,nan,nan,-8.64,-4.18,-3.03,2.38,1.04,-7.26
nan,nan,nan,-8.66,-4.13,-2.92,2.44,3.05,-8.72
nan,nan,nan,-8.51,-4.13,-3.02,3.23,2.13,-4.82
nan,nan,nan,-8.62,-4.12,-2.90,2.99,3.90,-14.57
nan,nan,nan,-8.70,-4.13,-2.94,6.71,8.66,-11.10
nan,nan,nan,-8.58,-4.19,-3.01,11.34,7.99,-10.61
nan,nan,nan,-8.61,-4.24,-3.08,1.22,8.11,-9.63
nan,nan,nan,-8.60,-4.24,-2.97,-0.18,9.57,-8.05
nan,nan,nan,-8.51,-4.25,-2.99,5.49,7.44,-0.61
nan,nan,nan,-8.59,-4.25,-2.97,-0.18,3.72,-0.37
nan,nan,nan,-8.55,-4.14,-2.99,-5.55,5.79,-2.80
nan,nan,nan,-8.55,-4.07,-3.03,0.91,1.46,-4.39
nan,nan,nan,-8.62,-4.12,-2.99,11.04,3.78,-7.38
nan,nan,nan,-8.58,-4.34,-3.00,3.05,-0.18,-5.85
nan,nan,nan,-8.61,-4.16,-3.00,-4.33,3.11,-8.96
nan,nan,nan,-8.66,-4.19,-2.90,1.34,8.48,-0.79
nan,nan,nan,-8.49,-4.27,-2.93,4.51,9.76,0.06
nan,nan,nan,-8.62,-4.29,-3.02,-1.52,8.23,-1.28
nan,nan,nan,-8.52,-4.16,-3.06,-7.20,7.07,3.41
nan,nan,nan,-8.43,-4.17,-2.96,-4.33,4.70,-2.07
nan,nan,nan,-8.63,-4.12,-3.09,-0.49,-0.91,-3.96
nan,nan,nan,-8.64,-4.18,-2.95,8.11,3.41,-8.96
nan,nan,nan,-8.52,-4.30,-3.05,9.70,-2.13,-8.96
nan,nan,nan,-8.54,-4.30,-3.08,6.28,-3.54,-7.74
nan,nan,nan,-8.60,-4.34,-2.94,2.87,-3.90,-4.76
nan,nan,nan,-8.56,-4.27,-2.99,-3.72,-3.84,-1.04
nan,nan,nan,-8.66,-4.21,-3.00,-4.21,-1.04,-6.95
nan,nan,nan,-8.67,-4.16,-2.91,0.49,2.99,-4.51
nan,nan,nan,-8.53,-4.26,-3.00,2.93,7.56,0.24
nan,nan,nan,-8.64,-4.29,-2.95,-3.66,7.20,-3.17
nan,nan,nan,-8.58,-4.12,-2.97,-5.61,1.34,-7.56
nan,nan,nan,-8.62,-4.13,-2.88,-1.71,2.50,-9.15
0.8718611272686093,0.6528499966119703,0.8491707578608242,-8.54,-4.30,-2.92,0.98,6.77,-5.73
nan,nan,nan,-8.63,-4.28,-2.98,1.10,0.61,-11.10
nan,nan,nan,-8.63,-4.24,-2.91,-4.21,11.83,-9.94
nan,nan,nan,-8.52,-4.22,-2.94,0.24,12.93,-7.93
nan,nan,nan,-8.60,-4.39,-3.10,-7.38,12.74,-1.71
nan,nan,nan,-8.40,-4.21,-2.97,-27.50,7.32,9.21
nan,nan,nan,-8.61,-4.04,-2.99,0.67,1.95,-11.95
nan,nan,nan,-8.63,-4.24,-2.98,12.50,1.10,-3.35
nan,nan,nan,-8.63,-4.39,-3.06,5.79,4.51,-2.32
nan,nan,nan,-8.43,-4.23,-2.93,-9.02,-0.18,-6.77
nan,nan,nan,-8.61,-4.25,-2.97,5.85,-1.52,-13.54
nan,nan,nan,-8.64,-4.41,-3.07,2.99,2.99,-3.84
nan,nan,nan,-8.49,-4.34,-3.05,-8.41,-0.49,-8.84
0.9279380004914112,0.8830932535943136,0.7819838265844776,-8.51,-4.20,-3.01,-15.06,-5.55,-8.11
nan,nan,nan,-8.73,-4.18,-2.80,10.00,5.85,-14.76
nan,nan,nan,-8.51,-4.35,-3.02,14.70,10.55,2.68
nan,nan,nan,-8.39,-4.32,-3.09,13.29,-4.02,-1.40
nan,nan,nan,-8.60,-4.32,-2.97,3.17,0.24,-4.70
nan,nan,nan,-8.47,-4.25,-2.85,4.51,3.11,1.10
nan,nan,nan,-8.60,-4.28,-2.97,8.23,-0.43,-7.01
nan,nan,nan,-8.61,-4.28,-2.94,1.16,-0.43,-3.29
nan,nan,nan,-8.56,-4.23,-2.92,-2.50,4.27,-7.93
nan,nan,nan,-8.49,-4.24,-2.91,-1.34,13.41,-6.52
nan,nan,nan,-8.49,-4.30,-3.10,1.65,15.61,-6.16
nan,nan,nan,-8.60,-4.41,-3.06,-0.55,11.22,-2.87
nan,nan,nan,-8.55,-4.29,-3.02,-6.89,9.88,-3.78
nan,nan,nan,-8.49,-4.18,-2.99,1.65,4.51,-15.55
nan,nan,nan,-8.61,-4.30,-3.11,6.10,5.00,-2.62
nan,nan,nan,-8.47,-4.31,-3.03,5.49,3.23,-9.70
nan,nan,nan,-8.48,-4.38,-2.93,-0.37,-5.06,-16.65
nan,nan,nan,-8.64,-4.26,-2.85,1.22,2.07,-22.26
nan,nan,nan,-8.65,-4.46,-2.94,12.74,14.09,-7.80
nan,nan,nan,-8.41,-4.51,-3.09,7.93,7.93,-0.37
nan,nan,nan,-8.46,-4.40,-3.02,-6.95,3.96,-5.37
0.8502856843484704,0.92763759280293,0.8658586629106751,-8.49,-4.31,-2.93,3.41,5.43,-5.73
nan,nan,nan,-8.51,-4.39,-2.96,2.20,0.12,2.44
nan,nan,nan,-8.59,-4.43,-2.98,-6.34,1.40,-7.07
nan,nan,nan,-8.56,-4.24,-2.92,-3.96,5.30,-4.27
nan,nan,nan,-8.49,-4.40,-2.94,8.17,7.80,-1.95
0.8773347204199077,0.7979309646489207,0.7482436664969941,-8.44,-4.49,-3.05,1.52,3.17,0.06
nan,nan,nan,-8.54,-4.43,-2.95,-10.18,3.78,2.50
nan,nan,nan,-8.51,-4.24,-2.99,-6.10,9.33,1.46
nan,nan,nan,-8.52,-4.28,-3.00,-1.16,7.50,0.73
nan,nan,nan,-8.52,-4.27,-2.95,-0.79,9.02,2.50
nan,nan,nan,-8.55,-4.26,-3.12,1.65,9.63,3.48
nan,nan,nan,-8.39,-4.41,-3.09,-7.74,9.21,3.54
nan,nan,nan,-8.57,-4.35,-3.06,-10.61,-1.28,-3.54
nan,nan,nan,-8.64,-4.20,-2.99,-0.30,9.45,1.83
nan,nan,nan,-8.46,-4.26,-2.98,5.85,6.40,-1.59
nan,nan,nan,-8.52,-4.44,-3.10,1.89,5.73,-2.20
nan,nan,nan,-8.45,-4.29,-3.03,-0.73,3.60,-3.48
nan,nan,nan,-8.62,-4.35,-3.03,-0.91,1.16,-3.29
nan,nan,nan,-8.50,-4.34,-3.05,2.44,5.61,-5.18
nan,nan,nan,-8.49,-4.46,-3.11,3.41,0.55,-0.98
nan,nan,nan,-8.57,-4.33,-2.98,0.00,6.04,-1.28
0.870085631360784,0.9259067703733076,0.8675919364453109,-8.47,-4.38,-2.97,5.73,6.34,1.77
nan,nan,nan,-8.52,-4.34,-3.07,1.22,4.51,2.74
nan,nan,nan,-8.50,-4.29,-3.08,-1.71,7.26,-0.85
nan,nan,nan,-8.52,-4.31,-3.04,0.12,4.82,0.79
nan,nan,nan,-8.55,-4.39,-3.10,-2.93,1.10,2.99
nan,nan,nan,-8.64,-4.30,-3.02,-5.55,1.22,1.65
nan,nan,nan,-8.50,-4.22,-2.88,0.06,3.72,-2.62
nan,nan,nan,-8.61,-4.30,-3.00,-3.05,12.07,1.04
nan,nan,nan,-8.50,-4.29,-3.04,-3.17,14.21,2.99
nan,nan,nan,-8.55,-4.32,-3.04,-1.40,7.87,-0.24
nan,nan,nan,-8.40,-4.29,-3.14,-5.85,12.68,-2.99
nan,nan,nan,-8.57,-4.26,-3.15,-1.89,6.22,-4.88
nan,nan,nan,-8.44,-4.27,-3.11,-1.77,9.09,-2.26
nan,nan,nan,-8.43,-4.30,-3.08,1.83,5.79,-8.23
nan,nan,nan,-8.59,-4.40,-3.03,-1.22,6.10,-10.85
nan,nan,nan,-8.45,-4.30,-3.01,2.44,10.12,-4.94
nan,nan,nan,-8.49,-4.35,-3.17,3.17,6.22,-4.02
nan,nan,nan,-8.60,-4.46,-3.12,-8.90,6.71,-6.34
nan,nan,nan,-8.47,-4.36,-3.08,-9.45,6.83,-2.68
nan,nan,nan,-8.57,-4.36,-3.08,-0.30,7.62,1.34
nan,nan,nan,-8.49,-4.36,-3.14,1.83,10.43,2.62
nan,nan,nan,-8.53,-4.31,-3.18,-5.00,4.76,-3.90
nan,nan,nan,-8.45,-4.28,-3.14,-5.24,7.20,-3.17
nan,nan,nan,-8.37,-4.32,-3.12,0.67,7.99,-2.01
nan,nan,nan,-8.52,-4.30,-3.05,0.79,0.30,-5.85
nan,nan,nan,-8.55,-4.24,-3.12,-3.84,6.83,-3.48
nan,nan,nan,-8.45,-4.27,-3.05,4.02,7.32,-1.59
nan,nan,nan,-8.44,-4.40,-3.07,0.85,6.77,-1.22
nan,nan,nan,-8.51,-4.37,-3.14,-10.79,5.06,-3.23
nan,nan,nan,-8.52,-4.27,-3.11,-10.73,7.50,-6.95
nan,nan,nan,-8.43,-4.28,-3.19,-3.54,4.70,-6.77
nan,nan,nan,-8.58,-4.32,-3.22,-1.22,1.89,-5.73
nan,nan,nan,-8.46,-4.32,-3.08,3.90,3.35,-9.82
nan,nan,nan,-8.51,-4.40,-3.10,4.63,3.84,-6.89
nan,nan,nan,-8.42,-4.42,-3.12,-0.30,4.45,-7.74
nan,nan,nan,-8.52,-4.36,-3.11,5.24,3.54,-4.76
nan,nan,nan,-8.43,-4.46,-3.06,1.95,7.56,-1.46
nan,nan,nan,-8.47,-4.41,-3.21,-4.02,3.17,-6.10
nan,nan,nan,-8.57,-4.43,-3.14,-2.99,6.16,-4.63
nan,nan,nan,-8.42,-4.35,-3.15,-3.66,3.41,2.32
nan,nan,nan,-8.46,-4.29,-3.08,-0.91,2.01,-0.79
nan,nan,nan,-8.41,-4.40,-3.09,-4.15,1.46,-4.88
nan,nan,nan,-8.43,-4.29,-3.25,-8.35,7.20,-10.49
nan,nan,nan,-8.39,-4.36,-3.07,-5.30,13.90,0.18
nan,nan,nan,-8.46,-4.42,-3.23,-5.67,-0.18,3.66
nan,nan,nan,-8.51,-4.33,-3.11,-14.09,3.60,1.59
nan,nan,nan,-8.42,-4.28,-2.95,-4.09,2.68,1.34
nan,nan,nan,-8.46,-4.31,-3.10,-2.38,2.13,4.82
nan,nan,nan,-8.51,-4.25,-3.21,-2.38,-0.06,0.43
nan,nan,nan,-8.52,-4.25,-3.08,-3.66,3.05,-6.10
nan,nan,nan,-8.43,-4.33,-3.16,-1.34,0.67,-16.22
nan,nan,nan,-8.59,-4.42,-3.12,-8.72,-2.99,-10.37
nan,nan,nan,-8.50,-4.38,-3.05,-15.06,5.73,-12.20
nan,nan,nan,-8.44,-4.30,-3.07,-6.95,8.48,-11.52
nan,nan,nan,-8.54,-4.38,-3.13,-1.22,11.52,-6.40
nan,nan,nan,-8.43,-4.37,-3.27,-3.23,10.49,-4.21
nan,nan,nan,-8.38,-4.37,-3.19,-5.49,2.38,-10.61
nan,nan,nan,-8.38,-4.31,-3.25,0.37,-0.06,-8.78
nan,nan,nan,-8.52,-4.40,-3.17,4.39,-0.24,-4.39
nan,nan,nan,-8.39,-4.38,-3.12,-1.28,4.02,-4.70
0.9153906992177901,0.884468577956068,0.7743176270619592,-8.50,-4.35,-3.14,0.85,7.07,-6.40
nan,nan,nan,-8.37,-4.33,-3.09,7.20,12.56,1.59
nan,nan,nan,-8.38,-4.48,-3.22,5.91,9.02,-0.73
nan,nan,nan,-8.46,-4.41,-3.14,-5.98,-0.43,-8.72
nan,nan,nan,-8.44,-4.40,-3.17,-6.83,1.83,-11.04
nan,nan,nan,-8.43,-4.36,-3.14,2.38,4.45,-1.89
nan,nan,nan,-8.40,-4.45,-3.24,4.21,1.95,2.56
nan,nan,nan,-8.43,-4.36,-3.19,-4.27,0.30,1.28
nan,nan,nan,-8.52,-4.38,-3.11,2.38,6.22,-0.06
nan,nan,nan,-8.36,-4.31,-3.10,10.67,-1.28,-0.30
nan,nan,nan,-8.52,-4.49,-3.25,1.28,0.43,3.90
nan,nan,nan,-8.39,-4.42,-3.22,-9.63,-3.78,-3.60
nan,nan,nan,-8.46,-4.26,-3.07,-6.52,-2.68,-12.32
nan,nan,nan,-8.48,-4.35,-3.20,4.33,10.12,-2.32
nan,nan,nan,-8.46,-4.50,-3.31,0.18,3.66,0.18
nan,nan,nan,-8.38,-4.40,-3.11,-4.02,-0.98,-4.70
nan,nan,nan,-8.50,-4.24,-3.19,8.11,2.44,-5.91
nan,nan,nan,-8.46,-4.37,-3.17,9.39,5.24,-3.17
nan,nan,nan,-8.42,-4.45,-3.13,7.38,2.80,-4.88
nan,nan,nan,-8.56,-4.47,-3.21,3.23,7.38,-4.88
nan,nan,nan,-8.40,-4.47,-3.20,-3.96,9.27,1.46
nan,nan,nan,-8.40,-4.48,-3.11,-1.83,2.32,-3.66
nan,nan,nan,-8.50,-4.47,-3.09,-4.88,-0.98,2.13
nan,nan,nan,-8.44,-4.35,-3.08,-2.87,1.04,2.38
nan,nan,nan,-8.49,-4.44,-3.13,1.28,7.32,5.12
nan,nan,nan,-8.36,-4.43,-3.15,-3.78,3.41,4.57
nan,nan,nan,-8.56,-4.26,-3.10,-5.00,1.95,-1.46
nan,nan,nan,-8.67,-4.33,-3.10,2.87,12.38,3.66
nan,nan,nan,-8.32,-4.43,-3.12,2.74,4.45,-5.61
nan,nan,nan,-8.52,-4.40,-3.26,-3.41,7.07,-0.49
nan,nan,nan,-8.36,-4.33,-3.17,-1.77,9.15,-2.99
nan,nan,nan,-8.41,-4.43,-3.19,3.41,4.45,-4.39
nan,nan,nan,-8.45,-4.39,-3.20,5.73,0.55,-5.61
nan,nan,nan,-8.45,-4.43,-3.16,0.61,-1.95,-3.90
nan,nan,nan,-8.51,-4.40,-3.13,4.02,4.57,-3.29
nan,nan,nan,-8.45,-4.43,-3.07,1.71,6.34,-0.18
nan,nan,nan,-8.44,-4.44,-3.21,0.06,4.27,-5.18
nan,nan,nan,-8.43,-4.38,-3.18,0.91,4.88,0.43
nan,nan,nan,-8.36,-4.41,-3.17,-0.61,3.17,-0.12
nan,nan,nan,-8.37,-4.35,-3.14,-0.67,6.16,-4.57
nan,nan,nan,-8.40,-4.34,-3.16,3.78,5.18,-3.17
nan,nan,nan,-8.49,-4.43,-3.27,2.56,-2.87,-2.26
nan,nan,nan,-8.50,-4.42,-3.15,-4.09,4.88,-1.71
nan,nan,nan,-8.41,-4.33,-3.09,-1.83,8.66,-4.39
nan,nan,nan,-8.51,-4.39,-3.20,3.96,11.59,-5.37
nan,nan,nan,-8.45,-4.44,-3.20,-1.65,7.87,0.00
nan,nan,nan,-8.48,-4.36,-3.13,-6.59,4.82,-4.51
nan,nan,nan,-8.34,-4.35,-3.22,-0.12,9.57,-5.37
nan,nan,nan,-8.42,-4.42,-3.25,1.28,7.20,-3.96
0.9213904164820228,0.8863697397810527,0.7106804847717285,-8.46,-4.47,-3.18,0.12,7.20,-7.38
nan,nan,nan,-8.40,-4.40,-3.22,-2.93,9.51,-1.10
nan,nan,nan,-8.42,-4.45,-3.15,2.62,1.71,-5.12
nan,nan,nan,-8.40,-4.43,-3.21,-2.68,-5.43,-2.32
nan,nan,nan,-8.50,-4.39,-3.22,-1.77,-1.83,-4.33
nan,nan,nan,-8.38,-4.44,-3.23,1.95,0.55,-1.65
nan,nan,nan,-8.41,-4.48,-3.20,1.46,3.66,-3.41
nan,nan,nan,-8.44,-4.47,-3.22,1.77,6.28,0.61
nan,nan,nan,-8.43,-4.47,-3.13,-0.98,8.84,4.39
nan,nan,nan,-8.40,-4.37,-3.16,-3.66,7.26,2.99
nan,nan,nan,-8.41,-4.40,-3.18,1.52,2.74,0.43
nan,nan,nan,-8.40,-4.46,-3.17,0.85,-7.50,-2.26
nan,nan,nan,-8.50,-4.39,-3.20,-2.93,-4.63,-4.15
nan,nan,nan,-8.51,-4.31,-3.23,-1.52,6.46,-3.29
nan,nan,nan,-8.38,-4.35,-3.08,0.49,7.99,-1.65
0.8997961283382923,0.8985898566043157,0.8563248465701316,-8.49,-4.45,-3.17,-1.83,7.50,1.46
nan,nan,nan,-8.38,-4.31,-3.18,-6.65,5.85,6.10
nan,nan,nan,-8.39,-4.32,-3.25,-1.71,7.87,5.18
nan,nan,nan,-8.39,-4.33,-3.20,-2.13,-4.27,0.30
nan,nan,nan,-8.51,-4.32,-3.16,-5.18,-1.77,-4.88
nan,nan,nan,-8.51,-4.35,-3.13,0.12,3.78,-5.18
nan,nan,nan,-8.42,-4.31,-3.15,9.33,5.67,-4.57
nan,nan,nan,-8.42,-4.49,-3.25,4.63,2.74,-2.38
nan,nan,nan,-8.42,-4.47,-3.18,-0.67,0.49,-5.06
nan,nan,nan,-8.50,-4.49,-3.27,-5.49,3.48,-2.56
nan,nan,nan,-8.52,-4.35,-3.22,-1.95,2.32,-2.93
nan,nan,nan,-8.52,-4.43,-3.22,3.84,1.10,-2.32
nan,nan,nan,-8.40,-4.40,-3.16,5.00,5.06,-1.34
nan,nan,nan,-8.38,-4.30,-3.11,5.06,6.22,-2.20
nan,nan,nan,-8.38,-4.36,-3.21,8.29,5.37,-1.95
nan,nan,nan,-8.39,-4.49,-3.29,2.93,0.24,-2.38
nan,nan,nan,-8.38,-4.40,-3.21,-1.83,-6.28,-3.41
nan,nan,nan,-8.53,-4.40,-3.11,-3.48,7.32,-1.77
0.9240340645683239,0.8905429360966858,0.8342468924182167,-8.35,-4.36,-3.18,1.83,11.22,-0.85
nan,nan,nan,-8.42,-4.42,-3.15,0.98,7.26,-2.26
nan,nan,nan,-8.48,-4.36,-3.26,2.87,5.85,-3.41
nan,nan,nan,-8.46,-4.42,-3.17,-0.55,4.63,0.79
nan,nan,nan,-8.25,-4.38,-3.15,-4.45,-0.18,-4.27
nan,nan,nan,-8.48,-4.50,-3.20,-8.29,0.37,-0.24
nan,nan,nan,-8.40,-4.29,-3.09,-1.59,3.54,-12.50
nan,nan,nan,-8.45,-4.47,-3.18,5.30,3.05,-15.12
nan,nan,nan,-8.39,-4.47,-3.20,2.50,5.37,-6.28
nan,nan,nan,-8.34,-4.48,-3.24,-0.37,6.65,-3.96
nan,nan,nan,-8.43,-4.49,-3.23,-3.60,2.13,-1.71
nan,nan,nan,-8.37,-4.40,-3.23,1.95,3.35,-7.32
nan,nan,nan,-8.45,-4.34,-3.20,7.74,6.16,-3.96
0.2040656496546972,0.6394487482585728,1.0,-8.58,-4.57,-3.22,4.21,1.95,-7.80
0.19444932807987458,0.6351052994009574,1.0,-8.42,-4.40,-3.14,-0.61,4.94,-8.84
0.20330833281874605,0.6348517642048426,1.0,-8.40,-4.41,-3.21,7.32,9.27,-4.45
nan,nan,nan,-8.40,-4.49,-3.32,6.95,5.43,-6.65
nan,nan,nan,-8.38,-4.53,-3.16,1.22,0.24,-4.94
0.1889904840339232,0.6195567669067141,0.9331282076953955,-8.46,-4.56,-3.14,-4.88,-1.65,-0.18
0.17626834231115826,0.6105064318231617,1.0,-8.41,-4.36,-3.10,-4.82,3.48,4.02
0.17104535298302437,0.609451394174134,1.0,-8.45,-4.45,-3.15,2.50,2.50,2.26
0.1684121694103721,0.6101423234350256,1.0,-8.55,-4.42,-3.22,-1.10,8.17,2.44
0.16896026485897186,0.6123605522074829,1.0,-8.43,-4.38,-3.15,-4.33,13.23,-0.79
0.18486234175980717,0.6166635796705833,1.0,-8.28,-4.41,-3.12,0.49,10.06,-6.83
nan,nan,nan,-8.55,-4.48,-3.22,0.79,10.79,-0.55
0.8741401525772399,0.8439282323965095,0.917280560950672,-8.32,-4.37,-3.17,0.61,10.98,-7.07
nan,nan,nan,-8.40,-4.48,-3.21,-1.95,5.37,-8.90
0.15541958145479629,0.6047846329727771,1.0,-8.43,-4.45,-3.10,-0.79,7.07,-5.55
0.14854180327383948,0.6025416656054754,1.0,-8.42,-4.46,-3.16,9.33,12.50,-6.16
0.14466247401860557,0.6007118339573592,1.0,-8.42,-4.54,-3.28,5.30,11.71,-4.51
nan,nan,nan,-8.41,-4.51,-3.27,0.00,13.05,-1.65
nan,nan,nan,-8.31,-4.49,-3.19,4.02,6.40,1.65
nan,nan,nan,-8.44,-4.56,-3.27,-1.04,4.33,2.26
nan,nan,nan,-8.42,-4.46,-3.18,-0.37,10.79,-2.13
nan,nan,nan,-8.31,-4.40,-3.13,4.02,12.38,1.40
nan,nan,nan,-8.39,-4.46,-3.31,7.38,7.87,3.05
nan,nan,nan,-8.34,-4.46,-3.22,5.24,-3.60,-5.67
nan,nan,nan,-8.47,-4.42,-3.22,-1.59,-9.88,6.83
nan,nan,nan,-7.86,-4.18,-3.08,5.91,-17.01,-8.96
nan,nan,nan,-8.52,-4.51,-3.06,8.23,0.37,0.49
nan,nan,nan,-8.46,-4.51,-3.20,9.70,1.71,-1.16
nan,nan,nan,-8.28,-4.24,-3.16,0.61,6.46,-2.20
nan,nan,nan,-8.14,-4.31,-3.25,-0.91,4.51,-4.15
nan,nan,nan,-8.31,-4.50,-3.21,-1.59,-2.32,-0.37
nan,nan,nan,-8.34,-4.42,-3.21,-8.60,7.26,-1.71
nan,nan,nan,-8.35,-4.29,-3.25,-10.85,-0.30,-13.23
nan,nan,nan,-8.62,-4.35,-3.08,2.56,14.88,-5.18
nan,nan,nan,-8.76,-4.53,-3.26,17.80,11.22,-11.04
nan,nan,nan,-8.51,-4.66,-3.19,10.55,11.77,-3.72
nan,nan,nan,-8.32,-4.61,-3.22,7.80,3.72,-6.77
nan,nan,nan,-8.32,-4.59,-3.13,-0.12,-0.91,1.83
nan,nan,nan,-8.34,-4.57,-3.27,-2.44,-5.67,4.21
nan,nan,nan,-8.43,-4.50,-3.20,-8.78,0.61,7.32
nan,nan,nan,-8.44,-4.34,-3.17,-6.28,8.96,4.51
nan,nan,nan,-8.35,-4.42,-3.32,9.39,7.26,4.21
nan,nan,nan,-8.42,-4.53,-3.30,10.12,-4.02,3.96
nan,nan,nan,-8.48,-4.56,-3.24,0.30,-3.54,0.30
nan,nan,nan,-8.44,-4.43,-3.07,-2.01,-2.32,-3.90
nan,nan,nan,-8.46,-4.45,-3.13,0.30,3.90,-8.23
nan,nan,nan,-8.40,-4.53,-3.17,-0.06,6.89,0.00
nan,nan,nan,-8.44,-4.47,-3.15,0.37,10.24,-0.12
nan,nan,nan,-8.44,-4.49,-3.22,4.02,7.93,0.00
nan,nan,nan,-8.48,-4.55,-3.13,3.48,11.59,-3.29
nan,nan,nan,-8.35,-4.49,-3.20,-2.68,4.63,-2.13
0.8802638282024784,0.6540701547187442,0.7572878292000185,-8.40,-4.43,-3.02,-3.54,5.18,-4.82
0.9198617085344397,0.8830159314783445,0.7838257983100244,-8.36,-4.46,-3.13,5.61,4.33,-8.05
nan,nan,nan,-8.34,-4.50,-3.12,5.30,3.29,-5.61
nan,nan,nan,-8.41,-4.50,-3.22,4.63,6.16,-8.35
nan,nan,nan,-8.35,-4.56,-3.19,1.71,4.02,-3.96
nan,nan,nan,-8.38,-4.50,-3.19,2.20,4.33,-4.76
nan,nan,nan,-8.28,-4.55,-3.24,3.78,2.26,-0.55
nan,nan,nan,-8.39,-4.50,-3.17,5.24,1.34,-4.76
0.9104083390057088,0.8888326225038717,0.8536056004024443,-8.40,-4.47,-3.16,-0.18,7.50,-3.29
nan,nan,nan,-8.36,-4.49,-3.26,0.43,6.46,-7.38
nan,nan,nan,-8.40,-4.54,-3.21,2.68,3.48,-5.85
nan,nan,nan,-8.26,-4.52,-3.20,3.48,-0.79,-2.80
nan,nan,nan,-8.46,-4.51,-3.20,0.30,-4.94,-0.61
nan,nan,nan,-8.40,-4.47,-3.23,-0.85,3.84,-1.04
nan,nan,nan,-8.29,-4.53,-3.07,-2.74,2.99,-0.18
nan,nan,nan,-8.37,-4.48,-3.17,-0.06,4.39,-0.18
nan,nan,nan,-8.33,-4.44,-3.07,-1.34,2.74,2.32
nan,nan,nan,-8.49,-4.41,-3.25,-2.87,5.12,-1.65
nan,nan,nan,-8.42,-4.48,-3.15,3.96,2.13,-9.70
0.9184481062452589,0.8802791524088557,0.7122880714424569,-8.53,-4.55,-3.22,1.10,6.40,-6.52
nan,nan,nan,-8.33,-4.54,-3.15,-1.04,6.16,-10.49
nan,nan,nan,-8.28,-4.48,-3.18,4.70,-0.12,-13.23
nan,nan,nan,-8.39,-4.61,-3.22,3.11,2.26,-8.90
nan,nan,nan,-8.35,-4.53,-3.13,0.91,-0.12,-12.26
nan,nan,nan,-8.40,-4.62,-3.20,-0.85,4.02,-0.30
nan,nan,nan,-8.37,-4.57,-3.20,-4.09,4.70,3.84
nan,nan,nan,-8.34,-4.61,-3.25,3.41,3.78,10.06
nan,nan,nan,-8.25,-4.53,-3.18,3.11,-2.93,2.56
nan,nan,nan,-8.41,-4.43,-3.15,4.82,-2.56,-9.21
nan,nan,nan,-8.40,-4.58,-3.17,4.33,-1.10,-6.59
nan,nan,nan,-8.35,-4.53,-3.11,1.10,2.56,-11.59
0.8964097011005182,0.8001830470171168,0.9672203767627763,-8.47,-4.67,-3.18,2.56,0.73,-6.83
nan,nan,nan,-8.41,-4.68,-3.16,-5.06,-0.12,3.17
nan,nan,nan,-8.34,-4.55,-3.10,-5.98,6.59,3.23
nan,nan,nan,-8.35,-4.56,-3.06,-0.79,7.38,13.11
0.904678090674035,0.8994625682914212,0.8567089196949934,-8.30,-4.56,-3.17,-0.98,3.96,22.74
nan,nan,nan,-8.37,-4.48,-3.21,-9.57,3.23,10.37
nan,nan,nan,-8.34,-4.37,-3.18,-8.17,6.16,-5.55
nan,nan,nan,-8.56,-4.43,-3.17,3.35,-2.20,-16.95
nan,nan,nan,-8.46,-4.54,-3.21,-2.74,10.18,-3.48
nan,nan,nan,-8.26,-4.44,-3.09,-1.59,3.96,-13.72
nan,nan,nan,-8.36,-4.62,-3.15,4.33,2.56,-2.80
nan,nan,nan,-8.36,-4.68,-3.23,-1.71,4.39,-3.78
nan,nan,nan,-8.48,-4.50,-3.12,-1.77,5.55,2.50
nan,nan,nan,-8.34,-4.49,-3.29,1.34,6.10,4.45
nan,nan,nan,-8.42,-4.53,-3.14,0.85,8.41,-2.20
nan,nan,nan,-8.39,-4.50,-3.06,4.76,20.61,6.34
nan,nan,nan,-8.34,-4.51,-3.34,11.28,19.76,6.16
nan,nan,nan,-8.33,-4.49,-3.31,0.00,16.22,-4.02
nan,nan,nan,-8.34,-4.48,-3.21,-1.28,5.12,-13.29
nan,nan,nan,-8.31,-4.53,-3.27,4.76,-5.85,-6.59
nan,nan,nan,-8.41,-4.59,-3.26,1.52,-3.35,-1.04
nan,nan,nan,-8.30,-4.45,-3.14,-4.15,-1.22,0.55
nan,nan,nan,-8.43,-4.42,-3.10,7.13,0.18,-5.37
nan,nan,nan,-8.41,-4.53,-3.15,4.21,5.98,-3.96
nan,nan,nan,-8.38,-4.52,-3.20,-11.04,9.82,-4.70
nan,nan,nan,-8.27,-4.44,-3.20,-3.60,13.48,-9.45
nan,nan,nan,-8.35,-4.59,-3.19,6.28,6.65,-0.79
nan,nan,nan,-8.31,-4.56,-3.24,3.29,7.38,-4.76
nan,nan,nan,-8.39,-4.58,-3.28,4.76,3.78,-6.10
nan,nan,nan,-8.40,-4.46,-3.21,5.49,-1.22,-9.94
nan,nan,nan,-8.40,-4.61,-3.23,8.23,1.89,-5.79
nan,nan,nan,-8.43,-4.67,-3.14,3.96,1.83,-4.02
nan,nan,nan,-8.41,-4.56,-3.16,5.43,9.45,-1.16
nan,nan,nan,-8.31,-4.58,-3.24,1.77,6.71,0.43
nan,nan,nan,-8.37,-4.54,-3.25,-3.48,6.34,-1.28
nan,nan,nan,-8.43,-4.56,-3.24,-1.10,8.78,2.56
nan,nan,nan,-8.25,-4.51,-3.28,-2.13,6.95,2.62
nan,nan,nan,-8.29,-4.53,-3.17,2.99,2.13,-1.34
nan,nan,nan,-8.47,-4.63,-3.39,-2.26,-3.96,-6.10
nan,nan,nan,-8.46,-4.46,-3.15,-3.23,1.89,-1.16
0.9237577692172093,0.8852439667670137,0.8991872134792565,-8.36,-4.60,-3.14,1.34,8.90,1.71
nan,nan,nan,-8.26,-4.56,-3.16,-1.95,7.62,3.48
nan,nan,nan,-8.43,-4.55,-3.20,-5.79,8.78,2.80
nan,nan,nan,-8.38,-4.49,-3.20,-4.51,10.24,1.10
nan,nan,nan,-8.24,-4.44,-3.22,0.18,9.63,-3.05
nan,nan,nan,-8.37,-4.53,-3.31,-1.16,1.16,-5.24
nan,nan,nan,-8.31,-4.44,-3.21,0.12,4.39,-9.02
0.9060153964032152,0.8965696434498993,0.8643616705185373,-8.35,-4.52,-3.28,6.22,4.33,-8.66
nan,nan,nan,-8.34,-4.59,-3.17,2.20,3.17,-10.67
nan,nan,nan,-8.41,-4.56,-3.27,4.88,6.83,-10.12
nan,nan,nan,-8.28,-4.63,-3.30,5.85,6.46,0.49
nan,nan,nan,-8.32,-4.70,-3.19,-0.79,7.80,-3.48
0.9316752668349846,0.8770528516863801,0.7811657190322876,-8.34,-4.58,-3.20,-0.37,5.43,-2.38
nan,nan,nan,-8.31,-4.59,-3.27,0.67,3.48,-2.99
nan,nan,nan,-8.39,-4.57,-3.23,-1.65,7.01,-3.29
nan,nan,nan,-8.31,-4.56,-3.18,-0.18,5.55,-4.94
nan,nan,nan,-8.28,-4.57,-3.14,2.01,1.22,-3.90
nan,nan,nan,-8.41,-4.59,-3.33,-2.07,0.67,-0.43
nan,nan,nan,-8.28,-4.50,-3.18,-4.94,4.51,0.55
nan,nan,nan,-8.39,-4.51,-3.15,3.23,2.07,-7.13
nan,nan,nan,-8.33,-4.64,-3.25,1.77,6.95,-2.44
nan,nan,nan,-8.30,-4.56,-3.28,-8.60,7.32,3.05
nan,nan,nan,-8.39,-4.48,-3.16,-1.71,4.09,-0.12
nan,nan,nan,-8.34,-4.58,-3.20,3.41,-0.24,-3.35
nan,nan,nan,-8.36,-4.59,-3.24,-1.59,2.87,-7.07
nan,nan,nan,-8.24,-4.48,-3.19,0.12,0.18,-4.45
nan,nan,nan,-8.35,-4.58,-3.21,5.18,0.18,-7.07
nan,nan,nan,-8.34,-4.63,-3.21,5.00,6.59,-6.16
nan,nan,nan,-8.34,-4.67,-3.37,-0.12,1.89,-4.33
nan,nan,nan,-8.33,-4.63,-3.20,-3.96,3.11,-2.56
nan,nan,nan,-8.26,-4.56,-3.14,-0.43,-3.23,-0.67
0.9361536578452845,0.8722767372639053,0.7234655944036872,-8.37,-4.58,-3.17,4.70,3.54,-4.57
nan,nan,nan,-8.33,-4.57,-3.18,8.11,3.84,-3.17
nan,nan,nan,-8.35,-4.68,-3.16,2.32,2.38,-4.09
nan,nan,nan,-8.24,-4.59,-3.22,-2.38,-1.59,-2.56
nan,nan,nan,-8.40,-4.62,-3.17,-2.68,-4.33,-6.46
nan,nan,nan,-8.34,-4.61,-3.26,-10.00,-1.40,0.06
nan,nan,nan,-8.30,-4.56,-3.16,-7.74,4.15,2.38
nan,nan,nan,-8.33,-4.65,-3.18,-5.61,-0.43,2.68
nan,nan,nan,-8.38,-4.53,-3.23,-7.20,4.63,1.95
nan,nan,nan,-8.41,-4.51,-3.24,-3.96,8.23,6.83
nan,nan,nan,-8.14,-4.52,-3.30,-4.27,6.77,2.80
nan,nan,nan,-8.41,-4.49,-3.22,-9.15,-1.52,-7.62
nan,nan,nan,-8.40,-4.35,-3.24,3.48,7.32,-12.32
0.9033780758020731,0.8704525234798376,0.7483937616723692,-8.18,-4.51,-3.21,12.74,-0.67,-12.32
nan,nan,nan,-8.44,-4.68,-3.12,13.35,-9.45,-15.18
nan,nan,nan,-8.36,-4.70,-3.17,12.56,-7.20,-7.68
nan,nan,nan,-8.34,-4.72,-3.16,11.65,-6.89,-0.55
nan,nan,nan,-8.41,-4.70,-3.15,3.41,0.06,-2.87
nan,nan,nan,-8.42,-4.74,-3.15,-6.22,3.66,3.78
0.9150488021468467,0.884381481777398,0.7926479533003483,-8.48,-4.54,-3.18,-2.93,10.98,-5.12
nan,nan,nan,-8.34,-4.63,-3.21,-2.44,19.57,-0.37
nan,nan,nan,-8.13,-4.64,-3.21,5.06,9.39,-4.02
nan,nan,nan,-8.22,-4.67,-3.23,3.17,-5.30,-2.74
nan,nan,nan,-8.39,-4.62,-3.20,-3.48,-3.35,1.34
nan,nan,nan,-8.31,-4.59,-3.12,1.28,2.62,-1.59
nan,nan,nan,-8.37,-4.59,-3.15,9.94,3.90,3.05
nan,nan,nan,-8.33,-4.77,-3.26,-3.60,6.22,7.50
nan,nan,nan,-8.31,-4.40,-3.17,0.24,6.04,-4.33
nan,nan,nan,-8.30,-4.54,-3.13,5.30,13.11,-4.09
nan,nan,nan,-8.37,-4.58,-3.23,7.01,10.12,-9.51
nan,nan,nan,-8.23,-4.61,-3.18,8.48,7.80,-5.43
nan,nan,nan,-8.30,-4.63,-3.16,14.45,10.06,-2.93
0.8953181408342457,0.8980815082734642,0.8051368358549938,-8.19,-4.63,-3.30,12.74,6.16,2.93
nan,nan,nan,-8.33,-4.61,-3.27,14.45,2.74,3.54
nan,nan,nan,-8.39,-4.57,-3.05,11.59,2.50,8.17
nan,nan,nan,-8.41,-4.58,-3.15,6.40,5.98,6.59
nan,nan,nan,-8.31,-4.56,-3.04,6.52,14.15,4.94
nan,nan,nan,-8.36,-4.63,-3.06,14.70,17.20,-0.61
nan,nan,nan,-8.27,-4.58,-3.16,11.83,19.09,3.96
nan,nan,nan,-8.37,-4.60,-3.15,14.33,19.27,-0.06
nan,nan,nan,-8.24,-4.61,-3.15,10.55,6.28,2.44
nan,nan,nan,-8.41,-4.63,-3.16,4.88,12.68,0.43
nan,nan,nan,-8.32,-4.57,-3.04,14.57,15.18,9.33
nan,nan,nan,-8.25,-4.65,-3.25,15.37,11.65,10.43
nan,nan,nan,-8.37,-4.62,-3.21,8.90,6.71,5.55
nan,nan,nan,-8.38,-4.45,-3.19,12.20,13.11,2.32
nan,nan,nan,-8.14,-4.55,-3.25,18.05,5.30,2.99
nan,nan,nan,-8.40,-4.54,-3.18,14.02,6.10,1.40
nan,nan,nan,-8.32,-4.61,-3.24,10.61,14.02,-0.18
nan,nan,nan,-8.22,-4.58,-3.26,7.99,0.61,-3.35
nan,nan,nan,-8.39,-4.60,-3.10,7.74,8.11,-8.23
nan,nan,nan,-8.28,-4.60,-3.27,6.83,5.98,-0.79
nan,nan,nan,-8.27,-4.68,-3.27,-3.66,4.09,-2.56
nan,nan,nan,-8.27,-4.60,-3.28,-5.85,5.18,-4.63
nan,nan,nan,-8.32,-4.52,-3.23,-5.55,9.39,2.62
nan,nan,nan,-8.25,-4.50,-3.25,-8.29,1.04,-1.65
nan,nan,nan,-8.24,-4.45,-3.19,-1.65,0.12,-6.71
nan,nan,nan,-8.27,-4.57,-3.22,6.10,-2.01,-4.82
nan,nan,nan,-8.36,-4.68,-3.14,1.59,-6.40,-4.02
nan,nan,nan,-8.40,-4.67,-3.13,0.06,-3.41,0.79
nan,nan,nan,-8.32,-4.56,-3.05,-1.10,0.37,1.34
nan,nan,nan,-8.30,-4.62,-3.09,0.98,2.20,-5.43
nan,nan,nan,-8.42,-4.69,-3.09,-2.20,6.77,2.26
nan,nan,nan,-8.36,-4.56,-3.17,-1.40,10.30,-4.02
nan,nan,nan,-8.17,-4.59,-3.15,-5.55,12.80,-6.77
nan,nan,nan,-8.28,-4.57,-3.23,-3.78,6.34,-1.89
nan,nan,nan,-8.28,-4.60,-3.24,-0.91,8.78,-2.26
nan,nan,nan,-8.20,-4.56,-3.29,1.22,2.01,-4.51
nan,nan,nan,-8.31,-4.59,-3.15,1.95,6.28,-6.59
nan,nan,nan,-8.28,-4.69,-3.28,3.60,5.91,-1.40
nan,nan,nan,-8.34,-4.69,-3.34,1.71,0.67,0.06
nan,nan,nan,-8.28,-4.67,-3.16,-5.18,0.12,-1.89
nan,nan,nan,-8.32,-4.56,-3.31,1.22,0.79,-1.10
nan,nan,nan,-8.34,-4.67,-3.20,-3.17,6.59,1.22
nan,nan,nan,-8.27,-4.54,-3.19,0.00,5.00,-3.17
nan,nan,nan,-8.24,-4.62,-3.24,1.83,-1.22,2.26
nan,nan,nan,-8.34,-4.61,-3.17,-4.27,-5.98,1.46
nan,nan,nan,-8.39,-4.56,-3.13,-6.16,0.24,1.40
nan,nan,nan,-8.38,-4.50,-3.01,0.91,1.71,-5.30
nan,nan,nan,-8.41,-4.62,-3.19,0.30,10.85,-4.27
nan,nan,nan,-8.29,-4.61,-3.24,-6.95,11.71,0.98
nan,nan,nan,-8.37,-4.56,-3.28,-5.24,7.99,-2.99
nan,nan,nan,-8.18,-4.52,-3.21,-2.44,7.62,-4.09
nan,nan,nan,-8.35,-4.64,-3.23,-2.50,7.01,-4.70
nan,nan,nan,-8.28,-4.62,-3.24,-0.24,1.65,-5.24
nan,nan,nan,-8.38,-4.57,-3.26,5.24,-0.24,-10.98
nan,nan,nan,-8.31,-4.72,-3.36,1.34,4.51,-5.12
nan,nan,nan,-8.23,-4.65,-3.22,0.98,-1.89,-3.54
nan,nan,nan,-8.31,-4.73,-3.25,0.61,-1.65,-5.24
nan,nan,nan,-8.36,-4.65,-3.13,-6.16,-0.61,-6.95
nan,nan,nan,-8.35,-4.67,-3.11,-3.48,7.38,-7.20
nan,nan,nan,-8.29,-4.66,-3.15,-5.61,4.09,-2.99
nan,nan,nan,-8.29,-4.61,-3.17,-4.76,5.91,-2.50
nan,nan,nan,-8.24,-4.60,-3.10,6.34,6.04,3.23
nan,nan,nan,-8.21,-4.60,-3.25,3.05,-5.30,-0.49
nan,nan,nan,-8.31,-4.68,-3.23,-13.35,-1.40,-7.62
nan,nan,nan,-8.39,-4.54,-3.11,-8.60,7.93,-8.60
0.8801899111850479,0.6820685913192008,0.9438541593890882,-8.31,-4.62,-3.18,-2.62,13.17,-0.37
nan,nan,nan,-8.34,-4.68,-3.15,-2.80,9.33,-2.01
nan,nan,nan,-8.39,-4.60,-3.26,-0.61,11.83,-0.67
0.912113317954625,0.8929781371066594,0.8606997740874059,-8.30,-4.62,-3.32,-2.32,7.38,-1.89
nan,nan,nan,-8.31,-4.52,-3.28,-6.95,4.88,-6.65
nan,nan,nan,-8.39,-4.52,-3.24,-3.05,7.56,-8.23
nan,nan,nan,-8.18,-4.60,-3.20,2.87,0.91,-13.29
nan,nan,nan,-8.30,-4.68,-3.20,4.82,5.12,-13.84
0.8929686345152428,0.6455678099924473,0.83193568070455,-8.18,-4.68,-3.11,6.40,5.00,-8.72
nan,nan,nan,-8.28,-4.76,-3.25,2.13,0.00,-6.59
nan,nan,nan,-8.30,-4.73,-3.13,1.40,1.16,-8.66
nan,nan,nan,-8.37,-4.68,-3.14,5.61,8.60,-6.40
nan,nan,nan,-8.19,-4.87,-3.28,1.04,6.52,-3.54
nan,nan,nan,-8.18,-4.68,-3.22,-9.57,1.77,-2.20
nan,nan,nan,-8.35,-4.62,-3.24,-1.83,3.96,-1.95
nan,nan,nan,-8.31,-4.68,-3.27,-3.05,0.49,3.66
nan,nan,nan,-8.26,-4.59,-3.22,-8.90,7.74,-5.06
nan,nan,nan,-8.30,-4.59,-3.20,2.01,11.46,-5.98
nan,nan,nan,-8.14,-4.66,-3.23,3.17,7.68,-4.39
nan,nan,nan,-8.27,-4.73,-3.30,-0.91,1.77,-2.32
nan,nan,nan,-8.18,-4.70,-3.28,-3.54,8.05,4.82
nan,nan,nan,-8.17,-4.68,-3.26,-2.80,1.59,2.20
nan,nan,nan,-8.22,-4.67,-3.36,-4.45,-5.00,5.18
nan,nan,nan,-8.25,-4.55,-3.27,-10.30,4.15,3.60
nan,nan,nan,-8.31,-4.49,-3.08,1.16,4.45,-6.89
nan,nan,nan,-8.27,-4.63,-3.32,6.04,10.43,-1.22
nan,nan,nan,-8.30,-4.66,-3.29,5.85,4.70,-10.00
nan,nan,nan,-8.39,-4.77,-3.35,4.57,7.20,-5.55
nan,nan,nan,-8.25,-4.61,-3.23,4.94,1.52,-5.73
nan,nan,nan,-8.32,-4.74,-3.33,6.83,8.96,-1.34
nan,nan,nan,-8.18,-4.75,-3.32,3.90,4.02,2.93
nan,nan,nan,-8.37,-4.70,-3.32,-3.96,7.13,-1.04
nan,nan,nan,-8.30,-4.64,-3.27,-2.01,9.02,1.46
nan,nan,nan,-8.18,-4.64,-3.29,-1.46,2.07,-2.38
nan,nan,nan,-8.41,-4.66,-3.27,-3.17,-1.04,-5.12
nan,nan,nan,-8.22,-4.53,-3.28,-0.67,5.43,2.56
nan,nan,nan,-8.34,-4.67,-3.31,8.48,6.65,2.50
nan,nan,nan,-8.15,-4.75,-3.34,1.71,-0.24,1.16
nan,nan,nan,-8.31,-4.72,-3.33,-6.77,-2.13,4.82
0.8719887942940102,0.9234586923485821,0.737476636531453,-8.20,-4.63,-3.27,-12.44,3.05,1.22
nan,nan,nan,-8.40,-4.59,-3.19,-1.89,-2.38,-2.99
nan,nan,nan,-8.36,-4.58,-3.24,0.37,9.21,0.06
nan,nan,nan,-8.25,-4.61,-3.19,3.35,9.21,-10.30
nan,nan,nan,-8.35,-4.69,-3.28,0.30,16.04,-10.30
nan,nan,nan,-8.25,-4.66,-3.13,2.44,15.00,-7.20
nan,nan,nan,-8.16,-4.71,-3.28,1.46,5.18,-5.06
nan,nan,nan,-8.28,-4.75,-3.24,-1.22,7.20,-6.77
nan,nan,nan,-8.22,-4.70,-3.31,-4.33,5.00,-2.62
nan,nan,nan,-8.28,-4.63,-3.22,-0.73,5.43,-3.11
nan,nan,nan,-8.16,-4.68,-3.23,-0.55,1.34,3.05
nan,nan,nan,-8.38,-4.63,-3.32,5.55,4.63,-3.48
nan,nan,nan,-8.14,-4.71,-3.33,1.65,5.49,-1.10
nan,nan,nan,-8.22,-4.66,-3.27,0.55,2.56,-6.52
0.9191102496331055,0.8977810960685609,0.7880324125289917,-8.30,-4.70,-3.34,-2.56,2.07,-3.78
nan,nan,nan,-8.18,-4.54,-3.21,2.50,1.04,-5.24
nan,nan,nan,-8.27,-4.69,-3.23,8.84,7.99,-7.44
nan,nan,nan,-8.09,-4.73,-3.27,2.32,0.37,-3.66
nan,nan,nan,-8.28,-4.75,-3.34,-2.26,-1.40,-2.68
